Material,Steel
Geometry,Rectangular
Width,"0.12400",in
Thickness,"0.12400",in
Length,"2.00000",in

Time,Extension,Load
(s),(in),(lbf)
"0.00000","0.00000","11.18317"
"0.10000","0.00001","11.21376"
"0.20000","0.00008","13.75769"
"0.29100","0.00017","19.38554"
"0.39100","0.00025","24.11132"
"0.49100","0.00032","28.07370"
"0.59100","0.00040","32.12126"
"0.69100","0.00047","35.48902"
"0.79100","0.00053","37.92929"
"0.89100","0.00059","39.96634"
"0.99100","0.00066","42.20948"
"1.09100","0.00073","44.34919"
"1.19100","0.00079","46.10492"
"1.29100","0.00085","47.78711"
"1.39100","0.00092","49.49571"
"1.49100","0.00099","51.38071"
"1.59100","0.00107","53.09565"
"1.69100","0.00113","54.43475"
"1.79100","0.00119","55.75788"
"1.89100","0.00126","57.27647"
"1.99100","0.00133","58.98318"
"2.09100","0.00140","60.27195"
"2.19100","0.00146","61.34253"
"2.29100","0.00152","62.46833"
"2.39100","0.00159","63.84176"
"2.49100","0.00166","65.38739"
"2.59100","0.00174","66.63139"
"2.69100","0.00180","67.51493"
"2.79100","0.00186","68.57166"
"2.89100","0.00193","69.60484"
"2.99100","0.00199","70.78738"
"3.09100","0.00206","71.76033"
"3.19100","0.00212","72.58226"
"3.29100","0.00219","73.70970"
"3.39100","0.00226","74.70175"
"3.49100","0.00233","75.73297"
"3.59100","0.00240","76.47076"
"3.69100","0.00246","77.20918"
"3.79100","0.00252","78.06236"
"3.89100","0.00260","79.09700"
"3.99100","0.00267","79.88226"
"4.09100","0.00273","80.39383"
"4.19100","0.00279","80.96371"
"4.29100","0.00285","81.76833"
"4.39100","0.00293","82.85622"
"4.49100","0.00301","83.57168"
"4.59100","0.00307","83.97491"
"4.69100","0.00313","84.54516"
"4.79100","0.00319","85.12386"
"4.89100","0.00326","85.88519"
"4.99100","0.00333","86.51197"
"5.09100","0.00339","86.99093"
"5.19100","0.00346","87.50082"
"5.29100","0.00353","88.27385"
"5.39100","0.00360","88.92301"
"5.49100","0.00366","89.24475"
"5.59100","0.00372","89.64292"
"5.69100","0.00379","90.24225"
"5.79100","0.00386","90.87663"
"5.89100","0.00394","91.41871"
"5.99100","0.00400","91.68536"
"6.09100","0.00405","91.94725"
"6.19100","0.00412","92.48274"
"6.29100","0.00420","93.25012"
"6.39100","0.00427","93.79089"
"6.49100","0.00434","93.89751"
"6.59100","0.00440","94.27443"
"6.69100","0.00446","94.69388"
"6.79100","0.00452","95.19635"
"6.89100","0.00459","95.63131"
"6.99100","0.00466","95.98095"
"7.09100","0.00472","96.32981"
"7.19100","0.00479","96.87999"
"7.29100","0.00487","97.35889"
"7.39100","0.00493","97.62329"
"7.49100","0.00500","97.89028"
"7.59100","0.00506","98.21883"
"7.69100","0.00513","98.86763"
"7.79100","0.00520","99.41024"
"7.89100","0.00526","99.53331"
"7.99100","0.00532","99.79962"
"8.09100","0.00538","100.17770"
"8.19100","0.00546","100.83591"
"8.29100","0.00554","101.46093"
"8.39100","0.00560","101.51519"
"8.49100","0.00566","101.78286"
"8.59100","0.00572","102.17738"
"8.69100","0.00579","102.62014"
"8.79100","0.00586","103.05465"
"8.89100","0.00593","103.38347"
"8.99100","0.00599","103.57493"
"9.09100","0.00606","103.99148"
"9.19100","0.00613","104.51368"
"9.29100","0.00620","104.84370"
"9.39100","0.00626","104.97415"
"9.49100","0.00632","105.20629"
"9.59100","0.00639","105.81316"
"9.69100","0.00647","106.31478"
"9.79100","0.00653","106.36346"
"9.89100","0.00659","106.58605"
"9.99100","0.00665","106.83031"
"10.09100","0.00672","107.41269"
"10.19100","0.00680","107.96889"
"10.29100","0.00687","108.08561"
"10.39100","0.00693","108.20832"
"10.49100","0.00700","108.58854"
"10.59100","0.00706","108.91435"
"10.69100","0.00713","109.35380"
"10.79100","0.00720","109.70759"
"10.89100","0.00726","109.87006"
"10.99100","0.00732","110.28719"
"11.09100","0.00740","110.83740"
"11.19100","0.00747","111.19790"
"11.29100","0.00753","111.36199"
"11.39100","0.00759","111.63522"
"11.49100","0.00766","112.07846"
"11.59100","0.00773","112.63049"
"11.69100","0.00780","112.95219"
"11.79100","0.00786","113.03764"
"11.89100","0.00792","113.28967"
"11.99100","0.00799","113.85365"
"12.09100","0.00807","114.52441"
"12.19100","0.00814","114.78476"
"12.29100","0.00820","114.93157"
"12.39100","0.00826","115.26972"
"12.49100","0.00833","115.60468"
"12.59100","0.00840","116.11043"
"12.69100","0.00846","116.48808"
"12.79100","0.00852","116.66557"
"12.89100","0.00859","117.04931"
"12.99100","0.00866","117.63050"
"13.09100","0.00874","118.06714"
"13.19100","0.00880","118.26571"
"13.29100","0.00886","118.47015"
"13.39100","0.00892","119.07520"
"13.49100","0.00900","119.62744"
"13.59100","0.00907","120.05019"
"13.69100","0.00913","120.11432"
"13.79100","0.00919","120.45199"
"13.89100","0.00925","120.98758"
"13.99100","0.00933","121.76930"
"14.09100","0.00941","122.22159"
"14.19100","0.00947","122.33657"
"14.29100","0.00953","122.73271"
"14.39100","0.00959","123.18065"
"14.49100","0.00966","123.78170"
"14.59100","0.00973","124.31308"
"14.69100","0.00979","124.62135"
"14.79100","0.00986","124.98715"
"14.89100","0.00993","125.71864"
"14.99100","0.01000","126.34139"
"15.09100","0.01007","126.64699"
"15.19100","0.01013","127.03445"
"15.29100","0.01019","127.49089"
"15.39100","0.01027","128.20960"
"15.49100","0.01034","128.78825"
"15.59100","0.01040","129.00754"
"15.69100","0.01045","129.32814"
"15.79100","0.01052","129.87628"
"15.89100","0.01060","130.78988"
"15.99100","0.01067","131.43751"
"16.09100","0.01074","131.60090"
"16.19100","0.01080","132.01284"
"16.29100","0.01086","132.51023"
"16.39100","0.01092","133.04979"
"16.49100","0.01100","133.71301"
"16.59100","0.01106","134.12157"
"16.69100","0.01112","134.41050"
"16.79100","0.01119","135.18250"
"16.89100","0.01127","135.88356"
"16.99100","0.01133","136.28393"
"17.09100","0.01140","136.69951"
"17.19100","0.01146","137.18722"
"17.29100","0.01153","137.90141"
"17.39100","0.01160","138.63872"
"17.49100","0.01166","138.94850"
"17.59100","0.01172","139.29731"
"17.69100","0.01179","139.85260"
"17.79100","0.01186","140.65363"
"17.89100","0.01194","141.55395"
"17.99100","0.01200","141.82983"
"18.09100","0.01206","142.20026"
"18.19100","0.01212","142.70766"
"18.29100","0.01219","143.44065"
"18.39100","0.01226","144.13262"
"18.49100","0.01233","144.64434"
"18.59100","0.01239","144.96035"
"18.69100","0.01246","145.77937"
"18.79100","0.01253","146.56304"
"18.89100","0.01260","147.10204"
"18.99100","0.01267","147.48586"
"19.09100","0.01273","148.07009"
"19.19100","0.01279","148.69346"
"19.29100","0.01287","149.49575"
"19.39100","0.01293","149.93428"
"19.49100","0.01299","150.28972"
"19.59100","0.01305","150.74613"
"19.69100","0.01312","151.60972"
"19.79100","0.01320","152.61101"
"19.89100","0.01327","153.04821"
"19.99100","0.01333","153.39105"
"20.09100","0.01339","153.90975"
"20.19100","0.01346","154.62766"
"20.29100","0.01353","155.39146"
"20.39100","0.01360","155.98590"
"20.49100","0.01366","156.36981"
"20.59100","0.01372","156.92927"
"20.69100","0.01380","157.89672"
"20.79100","0.01387","158.56852"
"20.89100","0.01393","158.84113"
"20.99100","0.01399","159.36842"
"21.09100","0.01406","160.02593"
"21.19100","0.01413","160.93955"
"21.29100","0.01420","161.44766"
"21.39100","0.01426","161.77995"
"21.49100","0.01432","162.20381"
"21.59100","0.01438","162.91917"
"21.69100","0.01447","164.01823"
"21.79100","0.01454","164.56631"
"21.89100","0.01460","164.80926"
"21.99100","0.01466","165.31132"
"22.09100","0.01472","165.95049"
"22.19100","0.01479","166.76939"
"22.29100","0.01486","167.38236"
"22.39100","0.01492","167.76520"
"22.49100","0.01499","168.30408"
"22.59100","0.01506","169.18727"
"22.69100","0.01514","169.92797"
"22.79100","0.01520","170.24195"
"22.89100","0.01526","170.77126"
"22.99100","0.01532","171.27630"
"23.09100","0.01540","172.16401"
"23.19100","0.01547","172.90599"
"23.29100","0.01553","173.11375"
"23.39100","0.01558","173.45729"
"23.49100","0.01565","174.22755"
"23.59100","0.01573","175.28012"
"23.69100","0.01581","175.93126"
"23.79100","0.01587","176.13605"
"23.89100","0.01593","176.54965"
"23.99100","0.01599","177.22421"
"24.09100","0.01606","178.00789"
"24.19100","0.01613","178.66903"
"24.29100","0.01620","179.07692"
"24.39100","0.01626","179.49087"
"24.49100","0.01633","180.44351"
"24.59100","0.01640","181.15159"
"24.69100","0.01646","181.49439"
"24.79100","0.01653","181.98050"
"24.89100","0.01659","182.49679"
"24.99100","0.01666","183.30727"
"25.09100","0.01674","184.07048"
"25.19100","0.01680","184.40901"
"25.29100","0.01685","184.67942"
"25.39100","0.01692","185.27640"
"25.49100","0.01700","186.36912"
"25.59100","0.01707","187.14853"
"25.69100","0.01713","187.39826"
"25.79100","0.01719","187.76998"
"25.89100","0.01726","188.32134"
"25.99100","0.01733","189.14051"
"26.09100","0.01740","189.86762"
"26.19100","0.01746","190.29506"
"26.29100","0.01752","190.53333"
"26.39100","0.01759","191.62915"
"26.49100","0.01767","192.27283"
"26.59100","0.01773","192.79724"
"26.69100","0.01780","193.15140"
"26.79100","0.01786","193.74449"
"26.89100","0.01793","194.41322"
"26.99100","0.01800","195.21230"
"27.09100","0.01806","195.62129"
"27.19100","0.01812","195.96782"
"27.29100","0.01818","196.42195"
"27.39100","0.01826","197.45430"
"27.49100","0.01834","198.46498"
"27.59100","0.01840","198.60314"
"27.69100","0.01846","199.15222"
"27.79100","0.01852","199.54059"
"27.89100","0.01859","200.33097"
"27.99100","0.01867","201.08878"
"28.09100","0.01873","201.71530"
"28.19100","0.01879","201.81748"
"28.29100","0.01886","202.80613"
"28.39100","0.01893","203.62645"
"28.49100","0.01900","204.32829"
"28.59100","0.01906","204.58057"
"28.69100","0.01913","205.21157"
"28.79100","0.01919","205.77725"
"28.89100","0.01927","206.79644"
"28.99100","0.01933","207.20592"
"29.09100","0.01939","207.56506"
"29.19100","0.01945","207.98537"
"29.29100","0.01952","208.92943"
"29.39100","0.01960","209.86989"
"29.49100","0.01967","210.48076"
"29.59100","0.01973","210.71907"
"29.69100","0.01979","211.29760"
"29.79100","0.01986","211.99405"
"29.89100","0.01993","212.74331"
"29.99100","0.02000","213.41107"
"30.09100","0.02006","213.77851"
"30.19100","0.02012","214.46150"
"30.29100","0.02020","215.42838"
"30.39100","0.02027","216.20639"
"30.49100","0.02033","216.34430"
"30.59100","0.02039","217.01678"
"30.69100","0.02046","217.70534"
"30.79100","0.02053","218.45730"
"30.89100","0.02060","219.25447"
"30.99100","0.02066","219.50378"
"31.09100","0.02072","219.89430"
"31.19100","0.02079","220.82253"
"31.29100","0.02086","221.89641"
"31.39100","0.02094","222.61805"
"31.49100","0.02100","222.88214"
"31.59100","0.02106","223.45342"
"31.69100","0.02112","223.98133"
"31.79100","0.02119","224.91872"
"31.89100","0.02126","225.58435"
"31.99100","0.02132","226.06954"
"32.09100","0.02139","226.55361"
"32.19100","0.02146","227.70132"
"32.29100","0.02154","228.44154"
"32.39100","0.02160","228.88929"
"32.49100","0.02166","229.34736"
"32.59100","0.02172","229.96369"
"32.69100","0.02180","230.91024"
"32.79100","0.02187","231.73354"
"32.89100","0.02193","232.04093"
"32.99100","0.02199","232.49499"
"33.09100","0.02205","233.22908"
"33.19100","0.02213","234.35803"
"33.29100","0.02221","235.26907"
"33.39100","0.02227","235.60403"
"33.49100","0.02233","236.05162"
"33.59100","0.02239","236.62967"
"33.69100","0.02246","237.66900"
"33.79100","0.02253","238.44609"
"33.89100","0.02259","238.90989"
"33.99100","0.02266","239.34757"
"34.09100","0.02273","240.42071"
"34.19100","0.02280","241.42055"
"34.29100","0.02287","241.84690"
"34.39100","0.02293","242.29857"
"34.49100","0.02299","243.01916"
"34.59100","0.02306","243.90522"
"34.69100","0.02314","245.06906"
"34.79100","0.02320","245.27384"
"34.89100","0.02326","245.84168"
"34.99100","0.02332","246.42302"
"35.09100","0.02339","247.59827"
"35.19100","0.02347","248.70319"
"35.29100","0.02354","249.21529"
"35.39100","0.02360","249.56055"
"35.49100","0.02366","250.29996"
"35.59100","0.02372","251.09851"
"35.69100","0.02380","252.06223"
"35.79100","0.02386","252.70743"
"35.89100","0.02392","253.07683"
"35.99100","0.02399","254.22659"
"36.09100","0.02407","255.22882"
"36.19100","0.02413","255.86763"
"36.29100","0.02420","256.36582"
"36.39100","0.02426","256.98097"
"36.49100","0.02433","257.97590"
"36.59100","0.02440","259.17555"
"36.69100","0.02447","259.57950"
"36.79100","0.02452","260.04243"
"36.89100","0.02459","260.66079"
"36.99100","0.02466","261.73988"
"37.09100","0.02473","263.01703"
"37.19100","0.02480","263.72933"
"37.29100","0.02486","264.06462"
"37.39100","0.02493","264.82338"
"37.49100","0.02499","265.62911"
"37.59100","0.02506","266.65755"
"37.69100","0.02513","267.37251"
"37.79100","0.02519","267.86126"
"37.89100","0.02526","268.77581"
"37.99100","0.02533","269.87439"
"38.09100","0.02540","270.76182"
"38.19100","0.02546","271.20603"
"38.29100","0.02552","271.77519"
"38.39100","0.02559","272.78315"
"38.49100","0.02567","273.98379"
"38.59100","0.02573","274.62128"
"38.69100","0.02580","275.02446"
"38.79100","0.02585","275.56006"
"38.89100","0.02592","276.61220"
"38.99100","0.02600","277.97527"
"39.09100","0.02607","278.82948"
"39.19100","0.02613","279.14427"
"39.29100","0.02620","279.83747"
"39.39100","0.02626","280.60737"
"39.49100","0.02633","281.62041"
"39.59100","0.02639","282.43838"
"39.69100","0.02645","283.03002"
"39.79100","0.02652","283.80195"
"39.89100","0.02660","284.95009"
"39.99100","0.02667","286.04375"
"40.09100","0.02673","286.24677"
"40.19100","0.02679","287.27032"
"40.29100","0.02686","287.81179"
"40.39100","0.02693","288.97036"
"40.49100","0.02700","290.26581"
"40.59100","0.02706","290.27728"
"40.69100","0.02712","290.89504"
"40.79100","0.02718","291.94084"
"40.89100","0.02726","293.27523"
"40.99100","0.02734","294.33369"
"41.09100","0.02740","294.99766"
"41.19100","0.02746","295.20768"
"41.29100","0.02753","296.31814"
"41.39100","0.02759","297.19918"
"41.49100","0.02766","298.16818"
"41.59100","0.02772","298.80152"
"41.69100","0.02779","299.69650"
"41.79100","0.02786","300.59900"
"41.89100","0.02793","301.95787"
"41.99100","0.02800","302.56995"
"42.09100","0.02806","303.16293"
"42.19100","0.02812","303.80023"
"42.29100","0.02820","305.20380"
"42.39100","0.02827","306.15155"
"42.49100","0.02833","306.67647"
"42.59100","0.02839","307.23630"
"42.69100","0.02845","307.94292"
"42.79100","0.02853","309.42701"
"42.89100","0.02861","310.69963"
"42.99100","0.02867","311.17295"
"43.09100","0.02873","311.76423"
"43.19100","0.02879","312.51857"
"43.29100","0.02886","313.51734"
"43.39100","0.02893","314.58024"
"43.49100","0.02899","315.25892"
"43.59100","0.02906","316.01713"
"43.69100","0.02913","317.26236"
"43.79100","0.02920","318.35339"
"43.89100","0.02927","319.10836"
"43.99100","0.02933","319.81070"
"44.09100","0.02939","320.44218"
"44.19100","0.02946","321.62256"
"44.29100","0.02954","322.88610"
"44.39100","0.02960","323.50841"
"44.49100","0.02966","323.97746"
"44.59100","0.02971","324.74791"
"44.69100","0.02979","326.11720"
"44.79100","0.02987","327.66916"
"44.89100","0.02994","328.21957"
"44.99100","0.03000","328.69405"
"45.09100","0.03006","329.50095"
"45.19100","0.03012","330.48641"
"45.29100","0.03020","331.59152"
"45.39100","0.03026","332.46644"
"45.49100","0.03032","333.19262"
"45.59100","0.03039","334.23505"
"45.69100","0.03047","335.55465"
"45.79100","0.03053","336.40079"
"45.89100","0.03060","336.98287"
"45.99100","0.03066","337.59750"
"46.09100","0.03073","338.89709"
"46.19100","0.03080","340.11389"
"46.29100","0.03087","340.94535"
"46.39100","0.03092","341.38552"
"46.49100","0.03099","342.05336"
"46.59100","0.03106","343.36075"
"46.69100","0.03114","345.01353"
"46.79100","0.03120","345.74496"
"46.89100","0.03126","346.14702"
"46.99100","0.03132","346.96689"
"47.09100","0.03139","347.91862"
"47.19100","0.03146","349.05128"
"47.29100","0.03153","349.99303"
"47.39100","0.03159","350.74767"
"47.49100","0.03166","351.79792"
"47.59100","0.03173","353.03497"
"47.69100","0.03180","354.08865"
"47.79100","0.03186","354.73103"
"47.89100","0.03192","355.40502"
"47.99100","0.03199","356.43046"
"48.09100","0.03207","357.83373"
"48.19100","0.03213","358.83736"
"48.29100","0.03220","359.27743"
"48.39100","0.03225","359.87765"
"48.49100","0.03232","361.02639"
"48.59100","0.03240","362.77588"
"48.69100","0.03247","363.90582"
"48.79100","0.03253","364.24257"
"48.89100","0.03259","365.02553"
"48.99100","0.03266","365.95287"
"49.09100","0.03273","367.18742"
"49.19100","0.03280","368.32824"
"49.29100","0.03286","369.11800"
"49.39100","0.03292","369.87374"
"49.49100","0.03299","371.04636"
"49.59100","0.03307","372.28843"
"49.69100","0.03313","373.19634"
"49.79100","0.03319","373.81761"
"49.89100","0.03326","374.74141"
"49.99100","0.03333","376.23450"
"50.09100","0.03340","377.37131"
"50.19100","0.03346","377.89247"
"50.29100","0.03352","378.43067"
"50.39100","0.03358","379.42450"
"50.49100","0.03366","381.14545"
"50.59100","0.03374","382.50105"
"50.69100","0.03380","382.95643"
"50.79100","0.03386","383.70923"
"50.89100","0.03392","384.65062"
"50.99100","0.03399","385.79676"
"51.09100","0.03406","386.93823"
"51.19100","0.03412","387.85700"
"51.29100","0.03419","388.52583"
"51.39100","0.03426","389.91859"
"51.49100","0.03433","391.23451"
"51.59100","0.03440","392.02711"
"51.69100","0.03446","392.78054"
"51.79100","0.03452","393.60519"
"51.89100","0.03460","395.00426"
"51.99100","0.03467","396.40015"
"52.09100","0.03473","396.95902"
"52.19100","0.03479","397.61048"
"52.29100","0.03485","398.37513"
"52.39100","0.03493","400.05547"
"52.49100","0.03501","401.68582"
"52.59100","0.03507","402.27501"
"52.69100","0.03513","402.91882"
"52.79100","0.03519","403.80839"
"52.89100","0.03526","404.95966"
"52.99100","0.03533","406.25843"
"53.09100","0.03540","407.19559"
"53.19100","0.03545","407.80053"
"53.29100","0.03552","409.04941"
"53.39100","0.03560","410.54020"
"53.49100","0.03567","411.53417"
"53.59100","0.03572","412.19976"
"53.69100","0.03579","412.99710"
"53.79100","0.03586","414.44848"
"53.89100","0.03594","415.87313"
"53.99100","0.03600","416.51078"
"54.09100","0.03606","417.09715"
"54.19100","0.03612","417.93571"
"54.29100","0.03619","419.46403"
"54.39100","0.03627","421.16503"
"54.49100","0.03634","422.03084"
"54.59100","0.03640","422.60241"
"54.69100","0.03646","423.48609"
"54.79100","0.03653","424.55069"
"54.89100","0.03660","425.85929"
"54.99100","0.03666","426.90460"
"55.09100","0.03672","427.57856"
"55.19100","0.03679","428.68726"
"55.29100","0.03686","430.23538"
"55.39100","0.03694","431.50602"
"55.49100","0.03700","432.17109"
"55.59100","0.03706","432.88989"
"55.69100","0.03713","434.20356"
"55.79100","0.03720","435.70642"
"55.89100","0.03727","436.65758"
"55.99100","0.03732","437.25289"
"56.09100","0.03738","437.90698"
"56.19100","0.03746","439.50693"
"56.29100","0.03754","441.28751"
"56.39100","0.03760","442.35892"
"56.49100","0.03766","442.94460"
"56.59100","0.03773","443.88506"
"56.69100","0.03779","444.88476"
"56.79100","0.03786","446.18325"
"56.89100","0.03793","447.40584"
"56.99100","0.03799","448.17805"
"57.09100","0.03805","449.12652"
"57.19100","0.03813","450.75729"
"57.29100","0.03820","452.07167"
"57.39100","0.03826","452.79566"
"57.49100","0.03833","453.56205"
"57.59100","0.03839","454.62838"
"57.69100","0.03847","456.18733"
"57.79100","0.03854","457.40081"
"57.89100","0.03859","457.98336"
"57.99100","0.03865","458.69799"
"58.09100","0.03872","459.92467"
"58.19100","0.03880","461.73206"
"58.29100","0.03887","463.08964"
"58.39100","0.03893","463.66533"
"58.49100","0.03899","464.44014"
"58.59100","0.03906","465.38093"
"58.69100","0.03913","466.83093"
"58.79100","0.03920","468.05410"
"58.89100","0.03925","468.83885"
"58.99100","0.03932","469.78462"
"59.09100","0.03940","471.41405"
"59.19100","0.03947","472.79704"
"59.29100","0.03953","473.57965"
"59.39100","0.03959","474.44288"
"59.49100","0.03966","475.41445"
"59.59100","0.03973","476.76138"
"59.69100","0.03980","478.18746"
"59.79100","0.03986","478.87802"
"59.89100","0.03992","479.54339"
"59.99100","0.03998","480.56662"
"60.09100","0.04006","482.46426"
"60.19100","0.04014","484.14578"
"60.29100","0.04020","484.66603"
"60.39100","0.04026","485.40259"
"60.49100","0.04032","486.29754"
"60.59100","0.04039","487.75518"
"60.69100","0.04046","489.01742"
"60.79100","0.04052","489.96199"
"60.89100","0.04059","490.74262"
"60.99100","0.04066","492.22567"
"61.09100","0.04074","493.83781"
"61.19100","0.04080","494.64505"
"61.29100","0.04086","495.45428"
"61.39100","0.04092","496.32201"
"61.49100","0.04100","497.85912"
"61.59100","0.04107","499.35507"
"61.69100","0.04113","500.09958"
"61.79100","0.04119","500.77445"
"61.89100","0.04125","501.66704"
"61.99100","0.04133","503.25640"
"62.09100","0.04141","505.32458"
"62.19100","0.04147","505.93561"
"62.29100","0.04153","506.60631"
"62.39100","0.04159","507.46646"
"62.49100","0.04166","508.87240"
"62.59100","0.04173","510.20802"
"62.69100","0.04180","511.30474"
"62.79100","0.04185","512.03624"
"62.89100","0.04192","513.39673"
"62.99100","0.04200","514.98988"
"63.09100","0.04207","516.17369"
"63.19100","0.04213","516.90322"
"63.29100","0.04219","517.78418"
"63.39100","0.04226","519.07371"
"63.49100","0.04234","520.73376"
"63.59100","0.04240","521.64600"
"63.69100","0.04245","522.32229"
"63.79100","0.04251","522.91055"
"63.89100","0.04259","524.80869"
"63.99100","0.04267","526.63477"
"64.09100","0.04274","527.60064"
"64.19100","0.04279","528.14718"
"64.29100","0.04286","528.98939"
"64.39100","0.04293","530.44966"
"64.49100","0.04300","531.82651"
"64.59100","0.04306","532.93310"
"64.69100","0.04312","533.52207"
"64.79100","0.04319","534.88322"
"64.89100","0.04327","536.61446"
"64.99100","0.04334","537.81111"
"65.09100","0.04340","538.50371"
"65.19100","0.04346","539.36974"
"65.29100","0.04353","540.57545"
"65.39100","0.04360","542.16113"
"65.49100","0.04367","543.36943"
"65.59100","0.04373","544.00724"
"65.69100","0.04378","544.61691"
"65.79100","0.04386","546.21582"
"65.89100","0.04393","548.05567"
"65.99100","0.04400","549.43394"
"66.09100","0.04406","549.98351"
"66.19100","0.04412","550.64893"
"66.29100","0.04419","552.02204"
"66.39100","0.04426","553.49971"
"66.49100","0.04433","554.72875"
"66.59100","0.04439","555.46229"
"66.69100","0.04446","556.50565"
"66.79100","0.04453","558.28898"
"66.89100","0.04460","559.65106"
"66.99100","0.04467","560.42543"
"67.09100","0.04473","561.26830"
"67.19100","0.04479","562.42193"
"67.29100","0.04486","563.91743"
"67.39100","0.04494","565.30416"
"67.49100","0.04499","565.98029"
"67.59100","0.04505","566.69000"
"67.69100","0.04512","567.95461"
"67.79100","0.04520","570.01768"
"67.89100","0.04527","571.49727"
"67.99100","0.04534","572.23311"
"68.09100","0.04539","572.94064"
"68.19100","0.04546","573.97335"
"68.29100","0.04553","575.48664"
"68.39100","0.04560","576.85289"
"68.49100","0.04566","577.65844"
"68.59100","0.04572","578.42260"
"68.69100","0.04580","580.29495"
"68.79100","0.04587","581.78343"
"68.89100","0.04593","582.72531"
"68.99100","0.04599","583.50073"
"69.09100","0.04606","584.48020"
"69.19100","0.04613","586.04333"
"69.29100","0.04620","587.69383"
"69.39100","0.04626","588.36288"
"69.49100","0.04632","589.02194"
"69.59100","0.04639","590.16645"
"69.69100","0.04646","591.97996"
"69.79100","0.04654","593.53837"
"69.89100","0.04660","594.56472"
"69.99100","0.04666","595.34771"
"70.09100","0.04672","596.21851"
"70.19100","0.04679","597.75881"
"70.29100","0.04686","599.15190"
"70.39100","0.04693","600.13966"
"70.49100","0.04699","600.91387"
"70.59100","0.04706","602.54286"
"70.69100","0.04714","604.18650"
"70.79100","0.04720","605.14254"
"70.89100","0.04726","606.09940"
"70.99100","0.04733","606.99617"
"71.09100","0.04740","608.49162"
"71.19100","0.04747","610.05365"
"71.29100","0.04753","610.95733"
"71.39100","0.04759","611.60530"
"71.49100","0.04765","612.66173"
"71.59100","0.04773","614.32386"
"71.69100","0.04780","616.22118"
"71.79100","0.04787","617.21208"
"71.89100","0.04793","618.02086"
"71.99100","0.04799","618.93695"
"72.09100","0.04806","620.19332"
"72.19100","0.04813","621.63526"
"72.29100","0.04819","622.75892"
"72.39100","0.04825","623.57830"
"72.49100","0.04833","625.15553"
"72.59100","0.04840","626.77820"
"72.69100","0.04847","627.94621"
"72.79100","0.04853","628.83518"
"72.89100","0.04859","629.79150"
"72.99100","0.04866","631.09611"
"73.09100","0.04873","632.74239"
"73.19100","0.04880","633.76083"
"73.29100","0.04886","634.52247"
"73.39100","0.04892","635.48603"
"73.49100","0.04899","636.99932"
"73.59100","0.04907","638.85707"
"73.69100","0.04914","640.14709"
"73.79100","0.04920","640.89243"
"73.89100","0.04925","641.69759"
"73.99100","0.04933","643.09886"
"74.09100","0.04940","644.64612"
"74.19100","0.04946","645.89953"
"74.29100","0.04952","646.69970"
"74.39100","0.04959","647.96156"
"74.49100","0.04967","649.69680"
"74.59100","0.04974","651.06047"
"74.69100","0.04980","651.89720"
"74.79100","0.04986","652.86690"
"74.89100","0.04993","654.17377"
"74.99100","0.05000","655.78541"
"75.09100","0.05007","657.12247"
"75.19100","0.05013","657.87324"
"75.29100","0.05019","658.66567"
"75.39100","0.05025","660.02352"
"75.49100","0.05033","661.89938"
"75.59100","0.05040","663.53012"
"75.69100","0.05046","664.24703"
"75.79100","0.05053","665.24484"
"75.89100","0.05059","666.31268"
"75.99100","0.05066","667.78119"
"76.09100","0.05073","669.09387"
"76.19100","0.05079","669.99596"
"76.29100","0.05086","671.23279"
"76.39100","0.05093","672.97687"
"76.49100","0.05100","674.54510"
"76.59100","0.05106","675.36316"
"76.69100","0.05113","676.28940"
"76.79100","0.05119","677.42459"
"76.89100","0.05127","679.19578"
"76.99100","0.05134","680.64513"
"77.09100","0.05140","681.39585"
"77.19100","0.05145","682.16846"
"77.29100","0.05152","683.36924"
"77.39100","0.05160","685.17084"
"77.49100","0.05167","686.99077"
"77.59100","0.05173","687.81882"
"77.69100","0.05180","688.81542"
"77.79100","0.05186","689.87772"
"77.89100","0.05193","691.29875"
"77.99100","0.05200","692.73684"
"78.09100","0.05206","693.72516"
"78.19100","0.05212","694.77105"
"78.29100","0.05220","696.34081"
"78.39100","0.05227","698.08703"
"78.49100","0.05233","699.22002"
"78.59100","0.05239","700.03863"
"78.69100","0.05245","700.93265"
"78.79100","0.05253","702.82910"
"78.89100","0.05260","704.42098"
"78.99100","0.05266","705.21731"
"79.09100","0.05272","705.99201"
"79.19100","0.05278","707.01545"
"79.29100","0.05286","708.86161"
"79.39100","0.05294","710.92513"
"79.49100","0.05300","711.88380"
"79.59100","0.05306","712.67074"
"79.69100","0.05313","713.79429"
"79.79100","0.05319","715.07893"
"79.89100","0.05326","716.46368"
"79.99100","0.05333","717.56599"
"80.09100","0.05339","718.54871"
"80.19100","0.05346","720.08318"
"80.29100","0.05353","721.93423"
"80.39100","0.05360","723.20087"
"80.49100","0.05366","724.04407"
"80.59100","0.05372","725.00400"
"80.69100","0.05380","726.51740"
"80.79100","0.05387","728.40254"
"80.89100","0.05393","729.31138"
"80.99100","0.05399","730.07099"
"81.09100","0.05405","731.03043"
"81.19100","0.05412","732.59383"
"81.29100","0.05420","734.71964"
"81.39100","0.05427","736.04802"
"81.49100","0.05433","736.77113"
"81.59100","0.05439","737.77091"
"81.69100","0.05446","739.08793"
"81.79100","0.05453","740.52630"
"81.89100","0.05459","741.76670"
"81.99100","0.05466","742.84558"
"82.09100","0.05472","744.19729"
"82.19100","0.05480","745.88363"
"82.29100","0.05487","747.54637"
"82.39100","0.05493","748.41174"
"82.49100","0.05499","749.26213"
"82.59100","0.05506","750.72339"
"82.69100","0.05514","752.63443"
"82.79100","0.05520","753.71851"
"82.89100","0.05526","754.52055"
"82.99100","0.05532","755.38603"
"83.09100","0.05539","756.84910"
"83.19100","0.05547","759.05542"
"83.29100","0.05554","760.55658"
"83.39100","0.05560","761.22470"
"83.49100","0.05566","762.23496"
"83.59100","0.05573","763.43694"
"83.69100","0.05579","764.94096"
"83.79100","0.05586","766.12406"
"83.89100","0.05592","767.21484"
"83.99100","0.05599","768.70887"
"84.09100","0.05606","770.37803"
"84.19100","0.05614","771.92370"
"84.29100","0.05620","772.89884"
"84.39100","0.05626","773.81257"
"84.49100","0.05633","775.15269"
"84.59100","0.05640","776.92537"
"84.69100","0.05647","778.41742"
"84.79100","0.05653","779.15540"
"84.89100","0.05658","779.94223"
"84.99100","0.05665","781.30964"
"85.09100","0.05674","783.68007"
"85.19100","0.05680","785.36257"
"85.29100","0.05687","786.08288"
"85.39100","0.05693","787.04721"
"85.49100","0.05699","788.12515"
"85.59100","0.05706","789.71917"
"85.69100","0.05713","791.06605"
"85.79100","0.05719","792.27873"
"85.89100","0.05725","793.43790"
"85.99100","0.05733","795.34719"
"86.09100","0.05740","797.01778"
"86.19100","0.05747","798.00307"
"86.29100","0.05752","798.65642"
"86.39100","0.05759","800.24255"
"86.49100","0.05767","801.97609"
"86.59100","0.05774","803.61649"
"86.69100","0.05780","804.43268"
"86.79100","0.05785","805.18532"
"86.89100","0.05792","806.38143"
"86.99100","0.05800","808.65082"
"87.09100","0.05807","810.60708"
"87.19100","0.05814","811.41290"
"87.29100","0.05820","812.26883"
"87.39100","0.05826","813.43223"
"87.49100","0.05833","814.85172"
"87.59100","0.05839","816.32324"
"87.69100","0.05846","817.60453"
"87.79100","0.05852","818.82732"
"87.89100","0.05859","820.39061"
"87.99100","0.05867","822.22563"
"88.09100","0.05873","823.44314"
"88.19100","0.05879","824.35473"
"88.29100","0.05885","825.40287"
"88.39100","0.05893","827.26956"
"88.49100","0.05900","829.07264"
"88.59100","0.05906","829.99921"
"88.69100","0.05912","830.77067"
"88.79100","0.05918","831.84296"
"88.89100","0.05926","833.71306"
"88.99100","0.05934","836.17454"
"89.09100","0.05940","837.09782"
"89.19100","0.05946","837.93575"
"89.29100","0.05952","839.08317"
"89.39100","0.05959","840.46995"
"89.49100","0.05966","842.07912"
"89.59100","0.05973","843.54093"
"89.69100","0.05979","844.58254"
"89.79100","0.05986","845.91937"
"89.89100","0.05993","847.51082"
"89.99100","0.06000","849.24573"
"90.09100","0.06006","850.18794"
"90.19100","0.06012","851.08185"
"90.29100","0.06020","852.94245"
"90.39100","0.06027","854.85371"
"90.49100","0.06033","855.96278"
"90.59100","0.06039","856.72381"
"90.69100","0.06045","857.65274"
"90.79100","0.06053","859.35357"
"90.89100","0.06061","861.79266"
"90.99100","0.06067","863.01396"
"91.09100","0.06073","863.83932"
"91.19100","0.06079","864.97248"
"91.29100","0.06086","866.32353"
"91.39100","0.06093","867.91546"
"91.49100","0.06099","869.33342"
"91.59100","0.06105","870.28886"
"91.69100","0.06112","871.78310"
"91.79100","0.06120","873.74694"
"91.89100","0.06126","875.20227"
"91.99100","0.06133","876.22527"
"92.09100","0.06139","877.24158"
"92.19100","0.06146","878.68022"
"92.29100","0.06154","880.64456"
"92.39100","0.06160","882.08792"
"92.49100","0.06166","882.89369"
"92.59100","0.06172","883.73431"
"92.69100","0.06179","885.28119"
"92.79100","0.06187","887.76709"
"92.89100","0.06194","889.32423"
"92.99100","0.06200","890.12413"
"93.09100","0.06206","891.27951"
"93.19100","0.06213","892.50712"
"93.29100","0.06220","894.16465"
"93.39100","0.06226","895.62591"
"93.49100","0.06232","896.59770"
"93.59100","0.06239","897.85473"
"93.69100","0.06246","899.83954"
"93.79100","0.06254","901.60365"
"93.89100","0.06260","902.68533"
"93.99100","0.06266","903.40948"
"94.09100","0.06273","905.11201"
"94.19100","0.06280","907.07442"
"94.29100","0.06287","908.57646"
"94.39100","0.06293","909.27312"
"94.49100","0.06299","910.16181"
"94.59100","0.06305","911.51736"
"94.69100","0.06313","913.92072"
"94.79100","0.06320","915.78950"
"94.89100","0.06326","916.63479"
"94.99100","0.06333","917.67892"
"95.09100","0.06339","918.86306"
"95.19100","0.06346","920.52108"
"95.29100","0.06353","922.04063"
"95.39100","0.06359","923.22197"
"95.49100","0.06365","924.33317"
"95.59100","0.06373","926.17555"
"95.69100","0.06380","928.16052"
"95.79100","0.06387","929.43956"
"95.89100","0.06392","930.29566"
"95.99100","0.06399","931.60906"
"96.09100","0.06407","933.57701"
"96.19100","0.06414","935.32170"
"96.29100","0.06420","936.22785"
"96.39100","0.06425","936.97571"
"96.49100","0.06432","938.33247"
"96.59100","0.06440","940.73061"
"96.69100","0.06447","942.65774"
"96.79100","0.06454","943.63118"
"96.89100","0.06460","944.66740"
"96.99100","0.06466","945.88728"
"97.09100","0.06473","947.35128"
"97.19100","0.06480","949.11441"
"97.29100","0.06486","950.44734"
"97.39100","0.06492","951.35920"
"97.49100","0.06500","953.18007"
"97.59100","0.06507","955.19610"
"97.69100","0.06513","956.46570"
"97.79100","0.06519","957.48887"
"97.89100","0.06526","958.63201"
"97.99100","0.06533","960.33246"
"98.09100","0.06541","962.41128"
"98.19100","0.06546","963.41469"
"98.29100","0.06552","964.24016"
"98.39100","0.06558","965.42107"
"98.49100","0.06566","967.38935"
"98.59100","0.06574","969.66335"
"98.69100","0.06580","970.87685"
"98.79100","0.06586","971.78048"
"98.89100","0.06592","972.77566"
"98.99100","0.06599","974.55931"
"99.09100","0.06606","976.23758"
"99.19100","0.06613","977.61958"
"99.29100","0.06619","978.48216"
"99.39100","0.06626","980.45483"
"99.49100","0.06633","982.40018"
"99.59100","0.06640","983.82993"
"99.69100","0.06646","984.95859"
"99.79100","0.06653","986.13894"
"99.89100","0.06660","987.61348"
"99.99100","0.06667","989.54192"
"100.09100","0.06673","990.83337"
"100.19100","0.06679","991.90790"
"100.29100","0.06685","992.86927"
"100.39100","0.06693","994.71725"
"100.49100","0.06701","997.25414"
"100.59100","0.06707","998.59213"
"100.69100","0.06713","999.59268"
"100.79100","0.06719","1,000.57611"
"100.89100","0.06726","1,002.24560"
"100.99100","0.06733","1,004.07975"
"101.09100","0.06740","1,005.50489"
"101.19100","0.06745","1,006.53267"
"101.29100","0.06752","1,007.94596"
"101.39100","0.06760","1,010.14202"
"101.49100","0.06767","1,011.77111"
"101.59100","0.06773","1,012.85257"
"101.69100","0.06779","1,013.82645"
"101.79100","0.06786","1,015.52140"
"101.89100","0.06794","1,017.59814"
"101.99100","0.06800","1,019.03262"
"102.09100","0.06806","1,020.01275"
"102.19100","0.06812","1,020.90343"
"102.29100","0.06819","1,022.40980"
"102.39100","0.06827","1,024.95624"
"102.49100","0.06834","1,026.70455"
"102.59100","0.06840","1,027.61454"
"102.69100","0.06845","1,028.51543"
"102.79100","0.06853","1,030.19073"
"102.89100","0.06860","1,031.87515"
"102.99100","0.06866","1,033.47055"
"103.09100","0.06872","1,034.67901"
"103.19100","0.06879","1,036.06848"
"103.29100","0.06886","1,037.87979"
"103.39100","0.06894","1,039.79034"
"103.49100","0.06900","1,041.03414"
"103.59100","0.06906","1,042.17652"
"103.69100","0.06912","1,043.50660"
"103.79100","0.06920","1,045.45963"
"103.89100","0.06927","1,047.30135"
"103.99100","0.06933","1,048.31486"
"104.09100","0.06938","1,048.98972"
"104.19100","0.06945","1,050.68863"
"104.29100","0.06953","1,053.17097"
"104.39100","0.06960","1,055.07219"
"104.49100","0.06966","1,056.01006"
"104.59100","0.06972","1,056.86517"
"104.69100","0.06979","1,058.54761"
"104.79100","0.06986","1,060.35454"
"104.89100","0.06993","1,061.97167"
"104.99100","0.06999","1,063.13545"
"105.09100","0.07005","1,064.22689"
"105.19100","0.07013","1,066.47970"
"105.29100","0.07020","1,068.30441"
"105.39100","0.07027","1,069.49607"
"105.49100","0.07033","1,070.65008"
"105.59100","0.07039","1,071.93659"
"105.69100","0.07046","1,073.71003"
"105.79100","0.07054","1,075.65219"
"105.89100","0.07060","1,076.79852"
"105.99100","0.07065","1,077.67130"
"106.09100","0.07072","1,078.94771"
"106.19100","0.07080","1,081.34058"
"106.29100","0.07087","1,083.53456"
"106.39100","0.07094","1,084.63829"
"106.49100","0.07099","1,085.33906"
"106.59100","0.07106","1,086.88144"
"106.69100","0.07113","1,088.71855"
"106.79100","0.07120","1,090.49540"
"106.89100","0.07126","1,091.76818"
"106.99100","0.07132","1,092.54502"
"107.09100","0.07140","1,094.81726"
"107.19100","0.07147","1,096.79016"
"107.29100","0.07153","1,098.10411"
"107.39100","0.07159","1,099.29851"
"107.49100","0.07166","1,100.51213"
"107.59100","0.07173","1,102.22827"
"107.69100","0.07180","1,104.21862"
"107.79100","0.07186","1,105.43981"
"107.89100","0.07192","1,106.46265"
"107.99100","0.07198","1,107.45310"
"108.09100","0.07206","1,109.74861"
"108.19100","0.07214","1,112.15400"
"108.29100","0.07220","1,113.48584"
"108.39100","0.07226","1,114.41351"
"108.49100","0.07232","1,115.48695"
"108.59100","0.07239","1,117.31594"
"108.69100","0.07246","1,119.19257"
"108.79100","0.07253","1,120.50970"
"108.89100","0.07259","1,121.35569"
"108.99100","0.07266","1,123.21640"
"109.09100","0.07274","1,125.41104"
"109.19100","0.07280","1,126.95144"
"109.29100","0.07286","1,128.02301"
"109.39100","0.07292","1,129.23860"
"109.49100","0.07299","1,130.82017"
"109.59100","0.07307","1,132.90075"
"109.69100","0.07313","1,134.28802"
"109.79100","0.07319","1,135.28452"
"109.89100","0.07325","1,136.33611"
"109.99100","0.07333","1,138.21680"
"110.09100","0.07340","1,140.44634"
"110.19100","0.07347","1,142.09838"
"110.29100","0.07353","1,143.21441"
"110.39100","0.07359","1,144.34361"
"110.49100","0.07366","1,145.94823"
"110.59100","0.07373","1,147.73704"
"110.69100","0.07380","1,149.22541"
"110.79100","0.07385","1,150.30698"
"110.89100","0.07392","1,151.80523"
"110.99100","0.07400","1,154.06342"
"111.09100","0.07407","1,155.91502"
"111.19100","0.07413","1,156.90745"
"111.29100","0.07419","1,158.19066"
"111.39100","0.07426","1,159.59868"
"111.49100","0.07433","1,161.68947"
"111.59100","0.07440","1,163.11823"
"111.69100","0.07446","1,164.49211"
"111.79100","0.07452","1,165.19738"
"111.89100","0.07459","1,166.99256"
"111.99100","0.07467","1,169.26831"
"112.09100","0.07474","1,171.18501"
"112.19100","0.07480","1,172.34220"
"112.29100","0.07486","1,173.49435"
"112.39100","0.07492","1,174.60401"
"112.49100","0.07500","1,176.70677"
"112.59100","0.07506","1,178.22906"
"112.69100","0.07512","1,179.41951"
"112.79100","0.07519","1,180.70843"
"112.89100","0.07527","1,182.95268"
"112.99100","0.07534","1,184.81679"
"113.09100","0.07540","1,186.08716"
"113.19100","0.07546","1,187.12339"
"113.29100","0.07553","1,188.62812"
"113.39100","0.07560","1,190.54569"
"113.49100","0.07567","1,192.27511"
"113.59100","0.07573","1,193.43176"
"113.69100","0.07579","1,194.37677"
"113.79100","0.07585","1,195.87798"
"113.89100","0.07593","1,198.08908"
"113.99100","0.07600","1,200.24266"
"114.09100","0.07607","1,201.43136"
"114.19100","0.07612","1,202.33718"
"114.29100","0.07619","1,203.75288"
"114.39100","0.07626","1,205.67518"
"114.49100","0.07633","1,207.46596"
"114.59100","0.07639","1,208.66685"
"114.69100","0.07645","1,209.76246"
"114.79100","0.07653","1,211.94008"
"114.89100","0.07660","1,213.93284"
"114.99100","0.07667","1,215.24602"
"115.09100","0.07673","1,216.37347"
"115.19100","0.07679","1,217.72539"
"115.29100","0.07687","1,219.54747"
"115.39100","0.07694","1,221.61663"
"115.49100","0.07700","1,222.72783"
"115.59100","0.07705","1,223.68075"
"115.69100","0.07712","1,225.04508"
"115.79100","0.07719","1,227.11172"
"115.89100","0.07727","1,229.41282"
"115.99100","0.07734","1,230.86475"
"116.09100","0.07740","1,231.78572"
"116.19100","0.07746","1,233.16937"
"116.29100","0.07753","1,234.74830"
"116.39100","0.07759","1,236.42504"
"116.49100","0.07766","1,237.83482"
"116.59100","0.07772","1,238.84272"
"116.69100","0.07780","1,241.05426"
"116.79100","0.07787","1,243.10806"
"116.89100","0.07793","1,244.49006"
"116.99100","0.07799","1,245.58996"
"117.09100","0.07806","1,246.76537"
"117.19100","0.07813","1,248.65012"
"117.29100","0.07821","1,250.87758"
"117.39100","0.07827","1,252.04794"
"117.49100","0.07832","1,253.05113"
"117.59100","0.07838","1,254.21513"
"117.69100","0.07846","1,255.92897"
"117.79100","0.07854","1,258.46082"
"117.89100","0.07860","1,260.05127"
"117.99100","0.07866","1,261.09705"
"118.09100","0.07872","1,262.35666"
"118.19100","0.07879","1,263.93274"
"118.29100","0.07886","1,265.76129"
"118.39100","0.07893","1,267.18215"
"118.49100","0.07899","1,268.41377"
"118.59100","0.07906","1,269.97371"
"118.69100","0.07913","1,272.14079"
"118.79100","0.07920","1,274.01412"
"118.89100","0.07926","1,275.03729"
"118.99100","0.07932","1,276.15969"
"119.09100","0.07940","1,277.91337"
"119.19100","0.07947","1,280.21404"
"119.29100","0.07953","1,281.60351"
"119.39100","0.07959","1,282.53853"
"119.49100","0.07965","1,283.51548"
"119.59100","0.07972","1,285.28794"
"119.69100","0.07980","1,287.85151"
"119.79100","0.07987","1,289.78675"
"119.89100","0.07993","1,290.65394"
"119.99100","0.07999","1,291.90696"
"120.09100","0.08006","1,293.30576"
"120.19100","0.08013","1,295.05000"
"120.29100","0.08019","1,296.56571"
"120.39100","0.08025","1,297.72225"
"120.49100","0.08032","1,299.19217"
"120.59100","0.08040","1,301.45124"
"120.69100","0.08047","1,303.41031"
"120.79100","0.08053","1,304.54269"
"120.89100","0.08059","1,305.65192"
"120.99100","0.08066","1,307.11449"
"121.09100","0.08074","1,309.34513"
"121.19100","0.08080","1,311.09146"
"121.29100","0.08086","1,311.97434"
"121.39100","0.08092","1,312.99630"
"121.49100","0.08099","1,314.53330"
"121.59100","0.08106","1,316.79489"
"121.69100","0.08114","1,319.11993"
"121.79100","0.08120","1,320.14254"
"121.89100","0.08126","1,321.23333"
"121.99100","0.08133","1,322.63213"
"122.09100","0.08139","1,324.39745"
"122.19100","0.08146","1,325.91008"
"122.29100","0.08152","1,327.31316"
"122.39100","0.08159","1,328.74401"
"122.49100","0.08166","1,330.62602"
"122.59100","0.08174","1,332.65918"
"122.69100","0.08180","1,334.15172"
"122.79100","0.08186","1,335.15074"
"122.89100","0.08192","1,336.44657"
"122.99100","0.08200","1,338.67205"
"123.09100","0.08207","1,340.53451"
"123.19100","0.08213","1,341.49840"
"123.29100","0.08219","1,342.50346"
"123.39100","0.08225","1,343.87383"
"123.49100","0.08233","1,346.04123"
"123.59100","0.08241","1,348.57418"
"123.69100","0.08247","1,349.61666"
"123.79100","0.08253","1,350.74005"
"123.89100","0.08259","1,352.01931"
"123.99100","0.08266","1,353.68671"
"124.09100","0.08272","1,355.20385"
"124.19100","0.08279","1,356.60440"
"124.29100","0.08286","1,357.94096"
"124.39100","0.08293","1,360.01792"
"124.49100","0.08300","1,362.02331"
"124.59100","0.08307","1,363.45866"
"124.69100","0.08313","1,364.60795"
"124.79100","0.08319","1,365.76306"
"124.89100","0.08327","1,367.80829"
"124.99100","0.08334","1,369.84057"
"125.09100","0.08340","1,371.00875"
"125.19100","0.08345","1,371.92796"
"125.29100","0.08351","1,372.88845"
"125.39100","0.08360","1,375.31524"
"125.49100","0.08368","1,377.86805"
"125.59100","0.08374","1,378.97651"
"125.69100","0.08380","1,380.02427"
"125.79100","0.08386","1,381.19189"
"125.89100","0.08393","1,382.89299"
"125.99100","0.08399","1,384.51924"
"126.09100","0.08406","1,386.04504"
"126.19100","0.08412","1,387.23440"
"126.29100","0.08419","1,389.16953"
"126.39100","0.08427","1,391.32355"
"126.49100","0.08433","1,392.86165"
"126.59100","0.08439","1,393.69699"
"126.69100","0.08446","1,394.93279"
"126.79100","0.08453","1,397.04630"
"126.89100","0.08461","1,399.17638"
"126.99100","0.08467","1,400.39230"
"127.09100","0.08472","1,401.30329"
"127.19100","0.08478","1,402.29495"
"127.29100","0.08486","1,404.33919"
"127.39100","0.08494","1,407.09135"
"127.49100","0.08500","1,408.50573"
"127.59100","0.08506","1,409.35469"
"127.69100","0.08513","1,410.58445"
"127.79100","0.08519","1,412.03824"
"127.89100","0.08526","1,413.70905"
"127.99100","0.08533","1,415.25297"
"128.09100","0.08539","1,416.71982"
"128.19100","0.08546","1,418.18909"
"128.29100","0.08553","1,420.40227"
"128.39100","0.08560","1,422.14729"
"128.49100","0.08566","1,423.26233"
"128.59100","0.08572","1,424.33610"
"128.69100","0.08579","1,425.99538"
"128.79100","0.08587","1,428.29155"
"128.89100","0.08593","1,429.98827"
"128.99100","0.08599","1,430.68245"
"129.09100","0.08605","1,431.68147"
"129.19100","0.08612","1,433.34745"
"129.29100","0.08621","1,436.05328"
"129.39100","0.08627","1,437.90675"
"129.49100","0.08633","1,438.72102"
"129.59100","0.08639","1,440.06965"
"129.69100","0.08646","1,441.31038"
"129.79100","0.08653","1,443.01083"
"129.89100","0.08660","1,444.76111"
"129.99100","0.08666","1,446.34191"
"130.09100","0.08672","1,447.45926"
"130.19100","0.08679","1,449.22107"
"130.29100","0.08687","1,451.16389"
"130.39100","0.08693","1,452.90363"
"130.49100","0.08699","1,453.42394"
"130.59100","0.08706","1,455.20869"
"130.69100","0.08714","1,457.39037"
"130.79100","0.08720","1,459.39663"
"130.89100","0.08726","1,460.00410"
"130.99100","0.08732","1,460.98094"
"131.09100","0.08739","1,462.31300"
"131.19100","0.08747","1,465.05956"
"131.29100","0.08754","1,467.00490"
"131.39100","0.08760","1,467.88021"
"131.49100","0.08766","1,469.00293"
"131.59100","0.08773","1,470.46441"
"131.69100","0.08779","1,472.02589"
"131.79100","0.08786","1,473.62381"
"131.89100","0.08792","1,474.98672"
"131.99100","0.08799","1,476.39946"
"132.09100","0.08806","1,478.33569"
"132.19100","0.08814","1,480.54591"
"132.29100","0.08820","1,481.63131"
"132.39100","0.08826","1,482.67973"
"132.49100","0.08832","1,484.06052"
"132.59100","0.08840","1,486.05910"
"132.69100","0.08847","1,488.13057"
"132.79100","0.08853","1,489.21477"
"132.89100","0.08858","1,489.91192"
"132.99100","0.08865","1,491.12137"
"133.09100","0.08873","1,493.89031"
"133.19100","0.08880","1,495.89504"
"133.29100","0.08887","1,497.04642"
"133.39100","0.08893","1,498.04445"
"133.49100","0.08899","1,499.49583"
"133.59100","0.08906","1,501.11988"
"133.69100","0.08913","1,502.85907"
"133.79100","0.08919","1,504.00287"
"133.89100","0.08925","1,505.10266"
"133.99100","0.08933","1,507.15953"
"134.09100","0.08940","1,509.10103"
"134.19100","0.08947","1,510.68106"
"134.29100","0.08952","1,511.52914"
"134.39100","0.08959","1,513.00676"
"134.49100","0.08967","1,515.09118"
"134.59100","0.08974","1,517.18504"
"134.69100","0.08980","1,518.06968"
"134.79100","0.08985","1,518.99603"
"134.89100","0.08992","1,520.18879"
"134.99100","0.08999","1,522.31295"
"135.09100","0.09008","1,524.88584"
"135.19100","0.09014","1,526.02240"
"135.29100","0.09020","1,527.02021"
"135.39100","0.09026","1,528.19607"
"135.49100","0.09033","1,529.78971"
"135.59100","0.09039","1,531.51485"
"135.69100","0.09046","1,532.91310"
"135.79100","0.09052","1,534.02222"
"135.89100","0.09059","1,535.61103"
"135.99100","0.09067","1,537.87811"
"136.09100","0.09073","1,539.58295"
"136.19100","0.09079","1,540.43092"
"136.29100","0.09086","1,541.62050"
"136.39100","0.09093","1,543.45047"
"136.49100","0.09100","1,545.50087"
"136.59100","0.09106","1,546.71558"
"136.69100","0.09112","1,547.47925"
"136.79100","0.09118","1,548.30692"
"136.89100","0.09126","1,550.65775"
"136.99100","0.09134","1,553.20760"
"137.09100","0.09140","1,554.44317"
"137.19100","0.09146","1,555.45470"
"137.29100","0.09152","1,556.51574"
"137.39100","0.09159","1,557.95460"
"137.49100","0.09166","1,559.77459"
"137.59100","0.09173","1,561.34518"
"137.69100","0.09179","1,562.31269"
"137.79100","0.09186","1,563.75068"
"137.89100","0.09193","1,565.98669"
"137.99100","0.09200","1,567.73862"
"138.09100","0.09206","1,568.77199"
"138.19100","0.09213","1,569.88638"
"138.29100","0.09219","1,571.40033"
"138.39100","0.09227","1,573.42295"
"138.49100","0.09233","1,575.01461"
"138.59100","0.09239","1,575.90715"
"138.69100","0.09245","1,576.86566"
"138.79100","0.09252","1,578.42626"
"138.89100","0.09261","1,581.03692"
"138.99100","0.09267","1,582.70784"
"139.09100","0.09273","1,583.57700"
"139.19100","0.09279","1,584.41004"
"139.29100","0.09286","1,585.99183"
"139.39100","0.09293","1,587.84102"
"139.49100","0.09300","1,589.44486"
"139.59100","0.09305","1,590.29306"
"139.69100","0.09312","1,591.70217"
"139.79100","0.09320","1,593.98693"
"139.89100","0.09327","1,595.69056"
"139.99100","0.09333","1,596.74149"
"140.09100","0.09339","1,597.92503"
"140.19100","0.09346","1,599.19123"
"140.29100","0.09353","1,600.93548"
"140.39100","0.09360","1,602.61573"
"140.49100","0.09366","1,603.80706"
"140.59100","0.09372","1,604.65328"
"140.69100","0.09378","1,605.88490"
"140.79100","0.09387","1,608.54759"
"140.89100","0.09394","1,610.53958"
"140.99100","0.09400","1,611.34562"
"141.09100","0.09406","1,612.19886"
"141.19100","0.09413","1,613.61610"
"141.29100","0.09420","1,615.46792"
"141.39100","0.09426","1,617.11019"
"141.49100","0.09432","1,618.21305"
"141.59100","0.09438","1,619.14983"
"141.69100","0.09447","1,621.24073"
"141.79100","0.09454","1,623.26006"
"141.89100","0.09460","1,624.35227"
"141.99100","0.09466","1,625.23767"
"142.09100","0.09472","1,626.57961"
"142.19100","0.09480","1,628.80860"
"142.29100","0.09487","1,630.43495"
"142.39100","0.09493","1,631.39500"
"142.49100","0.09499","1,632.23222"
"142.59100","0.09505","1,633.33343"
"142.69100","0.09513","1,635.54485"
"142.79100","0.09520","1,637.83455"
"142.89100","0.09527","1,638.80952"
"142.99100","0.09532","1,639.68187"
"143.09100","0.09539","1,640.79614"
"143.19100","0.09546","1,642.61239"
"143.29100","0.09553","1,644.14061"
"143.39100","0.09559","1,645.70022"
"143.49100","0.09566","1,646.49199"
"143.59100","0.09573","1,648.26182"
"143.69100","0.09580","1,650.14086"
"143.79100","0.09587","1,651.74032"
"143.89100","0.09593","1,652.56820"
"143.99100","0.09599","1,653.75075"
"144.09100","0.09606","1,655.50389"
"144.19100","0.09614","1,657.41092"
"144.29100","0.09620","1,658.67910"
"144.39100","0.09625","1,659.30984"
"144.49100","0.09631","1,660.17252"
"144.59100","0.09640","1,662.61216"
"144.69100","0.09647","1,664.82995"
"144.79100","0.09654","1,665.90965"
"144.89100","0.09659","1,666.58012"
"144.99100","0.09666","1,667.83611"
"145.09100","0.09673","1,669.59045"
"145.19100","0.09680","1,671.21900"
"145.29100","0.09686","1,672.49134"
"145.39100","0.09692","1,673.03394"
"145.49100","0.09700","1,675.03263"
"145.59100","0.09707","1,677.13088"
"145.69100","0.09713","1,678.37150"
"145.79100","0.09719","1,679.24439"
"145.89100","0.09726","1,680.39489"
"145.99100","0.09733","1,681.76877"
"146.09100","0.09740","1,683.84826"
"146.19100","0.09747","1,685.06703"
"146.29100","0.09752","1,685.80578"
"146.39100","0.09758","1,686.45453"
"146.49100","0.09766","1,688.59482"
"146.59100","0.09774","1,690.70734"
"146.69100","0.09780","1,692.16136"
"146.79100","0.09786","1,692.61679"
"146.89100","0.09792","1,693.77530"
"146.99100","0.09799","1,695.52559"
"147.09100","0.09807","1,696.99036"
"147.19100","0.09813","1,698.60101"
"147.29100","0.09818","1,698.97840"
"147.39100","0.09826","1,700.56524"
"147.49100","0.09833","1,702.71014"
"147.59100","0.09840","1,704.11728"
"147.69100","0.09846","1,704.89522"
"147.79100","0.09853","1,706.14989"
"147.89100","0.09859","1,707.14628"
"147.99100","0.09867","1,709.01533"
"148.09100","0.09873","1,710.54168"
"148.19100","0.09879","1,711.55530"
"148.29100","0.09885","1,712.10821"
"148.39100","0.09892","1,713.77342"
"148.49100","0.09900","1,716.09154"
"148.59100","0.09907","1,717.76103"
"148.69100","0.09913","1,718.42503"
"148.79100","0.09919","1,719.34644"
"148.89100","0.09926","1,720.57104"
"148.99100","0.09933","1,722.26797"
"149.09100","0.09940","1,723.78280"
"149.19100","0.09945","1,724.46403"
"149.29100","0.09952","1,725.27753"
"149.39100","0.09960","1,727.66393"
"149.49100","0.09967","1,729.06065"
"149.59100","0.09973","1,730.08260"
"149.69100","0.09979","1,731.09150"
"149.79100","0.09986","1,732.11489"
"149.89100","0.09993","1,734.00062"
"149.99100","0.10000","1,735.44256"
"150.09100","0.10006","1,736.30568"
"150.19100","0.10012","1,736.94356"
"150.29100","0.10019","1,738.43895"
"150.39100","0.10026","1,740.27617"
"150.49100","0.10033","1,741.87552"
"150.59100","0.10040","1,742.98508"
"150.69100","0.10046","1,743.73305"
"150.79100","0.10053","1,744.91352"
"150.89100","0.10060","1,746.70584"
"150.99100","0.10066","1,748.01210"
"151.09100","0.10072","1,748.93703"
"151.19100","0.10078","1,749.77139"
"151.29100","0.10087","1,751.77447"
"151.39100","0.10094","1,753.47997"
"151.49100","0.10100","1,754.46636"
"151.59100","0.10106","1,755.34408"
"151.69100","0.10113","1,756.45012"
"151.79100","0.10119","1,757.90370"
"151.89100","0.10127","1,759.56353"
"151.99100","0.10133","1,760.48779"
"152.09100","0.10139","1,761.12940"
"152.19100","0.10145","1,762.12918"
"152.29100","0.10153","1,764.00351"
"152.39100","0.10160","1,765.98463"
"152.49100","0.10167","1,766.90681"
"152.59100","0.10173","1,767.70769"
"152.69100","0.10179","1,768.63712"
"152.79100","0.10186","1,770.01056"
"152.89100","0.10193","1,771.55041"
"152.99100","0.10199","1,772.56436"
"153.09100","0.10205","1,773.08686"
"153.19100","0.10213","1,775.08116"
"153.29100","0.10220","1,776.89072"
"153.39100","0.10227","1,777.77261"
"153.49100","0.10233","1,778.58820"
"153.59100","0.10239","1,779.52333"
"153.69100","0.10246","1,780.90808"
"153.79100","0.10253","1,782.46912"
"153.89100","0.10260","1,783.45683"
"153.99100","0.10265","1,784.11852"
"154.09100","0.10272","1,785.04224"
"154.19100","0.10279","1,786.52337"
"154.29100","0.10287","1,788.68144"
"154.39100","0.10294","1,789.78924"
"154.49100","0.10299","1,790.30209"
"154.59100","0.10305","1,791.00396"
"154.69100","0.10313","1,792.66137"
"154.79100","0.10320","1,794.13141"
"154.89100","0.10326","1,795.09904"
"154.99100","0.10332","1,795.68049"
"155.09100","0.10339","1,797.19257"
"155.19100","0.10347","1,798.97864"
"155.29100","0.10353","1,800.08984"
"155.39100","0.10359","1,800.84297"
"155.49100","0.10366","1,801.63792"
"155.59100","0.10373","1,802.84704"
"155.69100","0.10380","1,804.49381"
"155.79100","0.10387","1,805.67241"
"155.89100","0.10392","1,806.19107"
"155.99100","0.10398","1,806.84431"
"156.09100","0.10406","1,808.25936"
"156.19100","0.10413","1,810.02688"
"156.29100","0.10420","1,811.56146"
"156.39100","0.10426","1,812.06278"
"156.49100","0.10433","1,812.91240"
"156.59100","0.10439","1,813.92722"
"156.69100","0.10446","1,815.19792"
"156.79100","0.10453","1,816.37707"
"156.89100","0.10458","1,816.71406"
"156.99100","0.10466","1,818.36643"
"157.09100","0.10473","1,820.04053"
"157.19100","0.10480","1,821.19564"
"157.29100","0.10486","1,821.81738"
"157.39100","0.10492","1,822.40915"
"157.49100","0.10499","1,823.49005"
"157.59100","0.10507","1,825.32837"
"157.69100","0.10513","1,826.46142"
"157.79100","0.10519","1,826.89863"
"157.89100","0.10525","1,827.34441"
"157.99100","0.10532","1,828.42729"
"158.09100","0.10540","1,830.26089"
"158.19100","0.10547","1,831.82478"
"158.29100","0.10553","1,832.33345"
"158.39100","0.10559","1,833.08154"
"158.49100","0.10566","1,833.92534"
"158.59100","0.10573","1,835.24433"
"158.69100","0.10579","1,836.33578"
"158.79100","0.10585","1,836.96794"
"158.89100","0.10592","1,837.85532"
"158.99100","0.10599","1,839.43019"
"159.09100","0.10607","1,840.90166"
"159.19100","0.10613","1,841.60528"
"159.29100","0.10619","1,842.05973"
"159.39100","0.10626","1,842.85139"
"159.49100","0.10633","1,844.66962"
"159.59100","0.10640","1,845.86875"
"159.69100","0.10646","1,846.21365"
"159.79100","0.10652","1,846.64131"
"159.89100","0.10658","1,847.47886"
"159.99100","0.10667","1,849.33660"
"160.09100","0.10674","1,851.08326"
"160.19100","0.10680","1,851.47734"
"160.29100","0.10686","1,851.95154"
"160.39100","0.10693","1,852.79150"
"160.49100","0.10700","1,853.80863"
"160.59100","0.10706","1,854.86133"
"160.69100","0.10712","1,855.54783"
"160.79100","0.10718","1,856.03587"
"160.89100","0.10726","1,857.58055"
"160.99100","0.10734","1,859.18934"
"161.09100","0.10740","1,859.88243"
"161.19100","0.10746","1,860.24137"
"161.29100","0.10752","1,860.86004"
"161.39100","0.10760","1,862.25280"
"161.49100","0.10767","1,863.77992"
"161.59100","0.10773","1,864.12240"
"161.69100","0.10779","1,864.47257"
"161.79100","0.10785","1,865.08684"
"161.89100","0.10792","1,866.42230"
"161.99100","0.10801","1,868.40255"
"162.09100","0.10807","1,868.98324"
"162.19100","0.10813","1,869.28949"
"162.29100","0.10819","1,869.86403"
"162.39100","0.10826","1,870.96305"
"162.49100","0.10833","1,871.87128"
"162.59100","0.10839","1,872.64889"
"162.69100","0.10846","1,873.29259"
"162.79100","0.10853","1,874.38216"
"162.89100","0.10860","1,875.69962"
"162.99100","0.10867","1,876.72158"
"163.09100","0.10873","1,877.09414"
"163.19100","0.10879","1,877.39293"
"163.29100","0.10887","1,878.76484"
"163.39100","0.10894","1,880.13367"
"163.49100","0.10900","1,880.52357"
"163.59100","0.10906","1,880.78153"
"163.69100","0.10912","1,881.23752"
"163.79100","0.10919","1,882.13104"
"163.89100","0.10928","1,884.48451"
"163.99100","0.10934","1,885.02590"
"164.09100","0.10940","1,885.08671"
"164.19100","0.10946","1,885.61778"
"164.29100","0.10953","1,886.43271"
"164.39100","0.10959","1,887.28826"
"164.49100","0.10966","1,888.09616"
"164.59100","0.10972","1,888.39364"
"164.69100","0.10979","1,889.52932"
"164.79100","0.10987","1,891.03493"
"164.89100","0.10993","1,891.78685"
"164.99100","0.10999","1,891.91528"
"165.09100","0.11006","1,892.30211"
"165.19100","0.11013","1,893.28236"
"165.29100","0.11020","1,894.74032"
"165.39100","0.11027","1,895.36008"
"165.49100","0.11032","1,895.43846"
"165.59100","0.11038","1,895.50103"
"165.69100","0.11046","1,896.49247"
"165.79100","0.11054","1,898.77283"
"165.89100","0.11061","1,899.40818"
"165.99100","0.11066","1,899.14803"
"166.09100","0.11072","1,899.63101"
"166.19100","0.11079","1,900.13398"
"166.29100","0.11086","1,901.36714"
"166.39100","0.11093","1,901.65034"
"166.49100","0.11099","1,902.65342"
"166.59100","0.11105","1,902.49074"
"166.69100","0.11113","1,904.79986"
"166.79100","0.11121","1,905.15310"
"166.89100","0.11126","1,905.64926"
"166.99100","0.11132","1,904.93883"
"167.09100","0.11139","1,906.68198"
"167.19100","0.11147","1,907.79110"
"167.29100","0.11154","1,908.73424"
"167.39100","0.11159","1,908.23676"
"167.49100","0.11165","1,908.53248"
"167.59100","0.11172","1,909.03281"
"167.69100","0.11181","1,911.05763"
"167.79100","0.11188","1,912.33777"
"167.89100","0.11193","1,911.75643"
"167.99100","0.11199","1,912.10593"
"168.09100","0.11206","1,912.51647"
"168.19100","0.11213","1,913.34348"
"168.29100","0.11219","1,913.86225"
"168.39100","0.11226","1,914.57290"
"168.49100","0.11232","1,914.82823"
"168.59100","0.11239","1,915.99662"
"168.69100","0.11247","1,917.05788"
"168.79100","0.11253","1,917.37972"
"168.89100","0.11259","1,917.14899"
"168.99100","0.11265","1,917.80212"
"169.09100","0.11273","1,918.89126"
"169.19100","0.11281","1,920.01574"
"169.29100","0.11286","1,919.69192"
"169.39100","0.11292","1,919.86228"
"169.49100","0.11298","1,919.89016"
"169.59100","0.11306","1,921.64033"
"169.69100","0.11315","1,923.24451"
"169.79100","0.11320","1,922.89391"
"169.89100","0.11326","1,922.82980"
"169.99100","0.11332","1,923.28271"
"170.09100","0.11339","1,923.85571"
"170.19100","0.11346","1,924.84452"
"170.29100","0.11353","1,925.32619"
"170.39100","0.11359","1,925.53256"
"170.49100","0.11366","1,926.04409"
"170.59100","0.11373","1,926.80940"
"170.69100","0.11380","1,927.67834"
"170.79100","0.11385","1,927.44629"
"170.89100","0.11392","1,927.57626"
"170.99100","0.11400","1,928.92116"
"171.09100","0.11408","1,930.19690"
"171.19100","0.11413","1,929.76090"
"171.29100","0.11419","1,929.64125"
"171.39100","0.11425","1,929.65135"
"171.49100","0.11433","1,930.89680"
"171.59100","0.11441","1,932.58879"
"171.69100","0.11447","1,932.41514"
"171.79100","0.11453","1,932.16728"
"171.89100","0.11459","1,932.55257"
"171.99100","0.11466","1,932.95301"
"172.09100","0.11473","1,933.71701"
"172.19100","0.11480","1,934.15082"
"172.29100","0.11485","1,933.95609"
"172.39100","0.11493","1,934.70955"
"172.49100","0.11500","1,935.96971"
"172.59100","0.11507","1,936.36268"
"172.69100","0.11513","1,936.12844"
"172.79100","0.11519","1,936.15215"
"172.89100","0.11526","1,936.95171"
"172.99100","0.11534","1,938.27839"
"173.09100","0.11540","1,938.14754"
"173.19100","0.11546","1,937.84173"
"173.29100","0.11551","1,937.53766"
"173.39100","0.11559","1,938.73086"
"173.49100","0.11567","1,940.32604"
"173.59100","0.11574","1,940.48433"
"173.69100","0.11580","1,940.08850"
"173.79100","0.11586","1,940.26654"
"173.89100","0.11593","1,940.65820"
"173.99100","0.11600","1,941.33307"
"174.09100","0.11606","1,941.61891"
"174.19100","0.11612","1,941.40113"
"174.29100","0.11619","1,941.90761"
"174.39100","0.11627","1,942.99587"
"174.49100","0.11634","1,943.59367"
"174.59100","0.11639","1,943.29817"
"174.69100","0.11645","1,943.01958"
"174.79100","0.11653","1,944.12891"
"174.89100","0.11661","1,945.05361"
"174.99100","0.11667","1,945.14077"
"175.09100","0.11672","1,944.55196"
"175.19100","0.11678","1,944.43912"
"175.29100","0.11686","1,945.16316"
"175.39100","0.11694","1,946.69380"
"175.49100","0.11701","1,947.15329"
"175.59100","0.11706","1,946.61696"
"175.69100","0.11712","1,946.56954"
"175.79100","0.11719","1,946.80664"
"175.89100","0.11726","1,947.40972"
"175.99100","0.11733","1,947.74166"
"176.09100","0.11739","1,947.64023"
"176.19100","0.11745","1,947.75878"
"176.29100","0.11753","1,948.80336"
"176.39100","0.11761","1,949.53662"
"176.49100","0.11767","1,949.50237"
"176.59100","0.11772","1,948.77086"
"176.69100","0.11779","1,949.52586"
"176.79100","0.11787","1,950.40710"
"176.89100","0.11794","1,950.89535"
"176.99100","0.11800","1,950.24134"
"177.09100","0.11804","1,949.67778"
"177.19100","0.11812","1,950.42598"
"177.29100","0.11820","1,951.88833"
"177.39100","0.11827","1,952.28702"
"177.49100","0.11833","1,951.88087"
"177.59100","0.11839","1,951.63652"
"177.69100","0.11846","1,951.72412"
"177.79100","0.11853","1,952.24003"
"177.89100","0.11860","1,952.97462"
"177.99100","0.11865","1,952.61391"
"178.09100","0.11872","1,952.43762"
"178.19100","0.11880","1,953.48065"
"178.29100","0.11887","1,954.12698"
"178.39100","0.11893","1,954.13774"
"178.49100","0.11899","1,953.67407"
"178.59100","0.11906","1,953.70898"
"178.69100","0.11913","1,954.46771"
"178.79100","0.11921","1,955.33950"
"178.89100","0.11926","1,954.69800"
"178.99100","0.11932","1,954.35311"
"179.09100","0.11938","1,954.39306"
"179.19100","0.11947","1,955.61919"
"179.29100","0.11954","1,956.61459"
"179.39100","0.11960","1,956.07628"
"179.49100","0.11966","1,955.60361"
"179.59100","0.11972","1,955.46003"
"179.69100","0.11980","1,956.24247"
"179.79100","0.11986","1,956.81547"
"179.89100","0.11992","1,956.46947"
"179.99100","0.11999","1,956.14148"
"180.09100","0.12007","1,957.24269"
"180.19100","0.12014","1,957.79966"
"180.29100","0.12020","1,957.83764"
"180.39100","0.12026","1,957.36476"
"180.49100","0.12032","1,957.32699"
"180.59100","0.12040","1,957.65499"
"180.69100","0.12047","1,958.29890"
"180.79100","0.12053","1,958.17530"
"180.89100","0.12059","1,957.85148"
"180.99100","0.12064","1,957.48880"
"181.09100","0.12073","1,958.63392"
"181.19100","0.12081","1,959.68968"
"181.29100","0.12087","1,959.47036"
"181.39100","0.12093","1,958.79462"
"181.49100","0.12099","1,958.46114"
"181.59100","0.12106","1,959.21175"
"181.69100","0.12113","1,959.81350"
"181.79100","0.12119","1,959.40560"
"181.89100","0.12125","1,958.99967"
"181.99100","0.12133","1,959.61109"
"182.09100","0.12140","1,960.48156"
"182.19100","0.12147","1,960.57355"
"182.29100","0.12152","1,959.92635"
"182.39100","0.12159","1,959.52393"
"182.49100","0.12166","1,960.44336"
"182.59100","0.12174","1,961.17926"
"182.69100","0.12180","1,960.82734"
"182.79100","0.12186","1,960.25236"
"182.89100","0.12191","1,959.88354"
"182.99100","0.12199","1,960.50659"
"183.09100","0.12207","1,961.81022"
"183.19100","0.12214","1,961.74063"
"183.29100","0.12219","1,961.02866"
"183.39100","0.12225","1,960.43678"
"183.49100","0.12233","1,961.25830"
"183.59100","0.12240","1,961.57729"
"183.69100","0.12246","1,961.68662"
"183.79100","0.12252","1,961.36631"
"183.89100","0.12259","1,961.65918"
"183.99100","0.12266","1,962.03920"
"184.09100","0.12273","1,962.35029"
"184.19100","0.12280","1,962.05128"
"184.29100","0.12286","1,961.63152"
"184.39100","0.12293","1,961.99529"
"184.49100","0.12300","1,962.48201"
"184.59100","0.12307","1,962.80298"
"184.69100","0.12312","1,962.13492"
"184.79100","0.12318","1,961.28947"
"184.89100","0.12326","1,962.26138"
"184.99100","0.12334","1,963.29760"
"185.09100","0.12340","1,963.21484"
"185.19100","0.12346","1,962.67345"
"185.29100","0.12352","1,962.17510"
"185.39100","0.12360","1,962.70024"
"185.49100","0.12367","1,963.05545"
"185.59100","0.12373","1,963.04711"
"185.69100","0.12379","1,962.42515"
"185.79100","0.12386","1,962.72965"
"185.89100","0.12394","1,963.47785"
"185.99100","0.12400","1,963.52724"
"186.09100","0.12407","1,963.26050"
"186.19100","0.12412","1,962.73514"
"186.29100","0.12419","1,962.84228"
"186.39100","0.12427","1,963.43723"
"186.49100","0.12434","1,963.84975"
"186.59100","0.12440","1,963.04008"
"186.69100","0.12445","1,962.30682"
"186.79100","0.12452","1,962.64008"
"186.89100","0.12460","1,963.96435"
"186.99100","0.12467","1,964.16479"
"187.09100","0.12473","1,963.59662"
"187.19100","0.12479","1,962.58410"
"187.29100","0.12486","1,963.21045"
"187.39100","0.12493","1,963.69343"
"187.49100","0.12500","1,963.73910"
"187.59100","0.12505","1,963.23460"
"187.69100","0.12512","1,962.81374"
"187.79100","0.12520","1,963.90529"
"187.89100","0.12527","1,964.06929"
"187.99100","0.12533","1,963.74415"
"188.09100","0.12539","1,963.15644"
"188.19100","0.12546","1,963.22472"
"188.29100","0.12553","1,963.63350"
"188.39100","0.12560","1,963.96193"
"188.49100","0.12566","1,963.45875"
"188.59100","0.12572","1,962.92065"
"188.69100","0.12578","1,962.68333"
"188.79100","0.12587","1,963.91275"
"188.89100","0.12594","1,964.41462"
"188.99100","0.12600","1,964.01748"
"189.09100","0.12606","1,963.26423"
"189.19100","0.12612","1,962.98652"
"189.29100","0.12620","1,963.60716"
"189.39100","0.12627","1,963.85699"
"189.49100","0.12632","1,963.27543"
"189.59100","0.12638","1,962.62340"
"189.69100","0.12646","1,963.54371"
"189.79100","0.12654","1,964.03877"
"189.89100","0.12660","1,963.81989"
"189.99100","0.12666","1,963.16983"
"190.09100","0.12672","1,962.96698"
"190.19100","0.12680","1,963.13514"
"190.29100","0.12687","1,963.90331"
"190.39100","0.12693","1,963.29760"
"190.49100","0.12699","1,962.72395"
"190.59100","0.12705","1,962.39683"
"190.69100","0.12713","1,963.02142"
"190.79100","0.12721","1,963.71758"
"190.89100","0.12727","1,963.51275"
"190.99100","0.12733","1,962.87038"
"191.09100","0.12739","1,962.38717"
"191.19100","0.12746","1,962.93075"
"191.29100","0.12753","1,963.34985"
"191.39100","0.12760","1,962.86665"
"191.49100","0.12765","1,962.05501"
"191.59100","0.12773","1,962.64996"
"191.69100","0.12780","1,963.36039"
"191.79100","0.12787","1,963.22999"
"191.89100","0.12793","1,962.58476"
"191.99100","0.12799","1,962.14414"
"192.09100","0.12806","1,962.32329"
"192.19100","0.12813","1,962.62845"
"192.29100","0.12820","1,962.64908"
"192.39100","0.12826","1,961.92658"
"192.49100","0.12831","1,961.32877"
"192.59100","0.12839","1,961.79134"
"192.69100","0.12847","1,962.72636"
"192.79100","0.12854","1,962.77993"
"192.89100","0.12860","1,961.89891"
"192.99100","0.12866","1,961.43151"
"193.09100","0.12872","1,961.27015"
"193.19100","0.12880","1,961.77092"
"193.29100","0.12886","1,961.63459"
"193.39100","0.12891","1,960.68244"
"193.49100","0.12899","1,961.11033"
"193.59100","0.12907","1,961.85808"
"193.69100","0.12914","1,961.81747"
"193.79100","0.12920","1,961.10418"
"193.89100","0.12926","1,960.59814"
"193.99100","0.12933","1,960.59485"
"194.09100","0.12940","1,961.01000"
"194.19100","0.12947","1,960.82097"
"194.29100","0.12952","1,960.30396"
"194.39100","0.12959","1,959.69847"
"194.49100","0.12965","1,959.67629"
"194.59100","0.12973","1,960.49408"
"194.69100","0.12981","1,960.86225"
"194.79100","0.12986","1,960.01614"
"194.89100","0.12992","1,959.11405"
"194.99100","0.12999","1,959.30900"
"195.09100","0.13007","1,959.84358"
"195.19100","0.13013","1,959.68288"
"195.29100","0.13019","1,958.82272"
"195.39100","0.13026","1,958.77201"
"195.49100","0.13033","1,959.29561"
"195.59100","0.13040","1,959.38606"
"195.69100","0.13047","1,958.91471"
"195.79100","0.13052","1,958.14390"
"195.89100","0.13059","1,958.00889"
"195.99100","0.13066","1,958.34478"
"196.09100","0.13074","1,958.76059"
"196.19100","0.13080","1,957.82864"
"196.29100","0.13085","1,957.02601"
"196.39100","0.13092","1,957.05389"
"196.49100","0.13100","1,957.61701"
"196.59100","0.13107","1,958.01679"
"196.69100","0.13113","1,957.54258"
"196.79100","0.13119","1,956.75180"
"196.89100","0.13126","1,956.21415"
"196.99100","0.13133","1,956.69472"
"197.09100","0.13140","1,956.39307"
"197.19100","0.13145","1,956.08396"
"197.29100","0.13152","1,955.40909"
"197.39100","0.13160","1,956.10833"
"197.49100","0.13167","1,956.13445"
"197.59100","0.13173","1,955.94719"
"197.69100","0.13179","1,954.47298"
"197.79100","0.13185","1,954.51930"
"197.89100","0.13193","1,954.80404"
"197.99100","0.13201","1,955.35223"
"198.09100","0.13206","1,954.30722"
"198.19100","0.13212","1,953.56166"
"198.29100","0.13218","1,952.67626"
"198.39100","0.13226","1,953.63938"
"198.49100","0.13234","1,953.99460"
"198.59100","0.13240","1,953.73291"
"198.69100","0.13246","1,952.84245"
"198.79100","0.13253","1,952.29338"
"198.89100","0.13260","1,952.30326"
"198.99100","0.13266","1,952.49141"
"199.09100","0.13272","1,951.76385"
"199.19100","0.13279","1,951.04793"
"199.29100","0.13286","1,951.33685"
"199.39100","0.13294","1,951.46308"
"199.49100","0.13300","1,951.64354"
"199.59100","0.13306","1,950.43695"
"199.69100","0.13312","1,949.54584"
"199.79100","0.13320","1,950.18119"
"199.89100","0.13328","1,950.49074"
"199.99100","0.13333","1,949.66703"
"200.09100","0.13339","1,948.71247"
"200.19100","0.13345","1,947.76405"
"200.29100","0.13352","1,948.28634"
"200.39100","0.13361","1,949.04419"
"200.49100","0.13367","1,948.76889"
"200.59100","0.13373","1,947.45933"
"200.69100","0.13379","1,946.95505"
"200.79100","0.13386","1,946.52497"
"200.89100","0.13393","1,946.52585"
"200.99100","0.13400","1,946.09862"
"201.09100","0.13405","1,945.16953"
"201.19100","0.13412","1,945.08369"
"201.29100","0.13420","1,945.70170"
"201.39100","0.13427","1,945.62617"
"201.49100","0.13433","1,944.41848"
"201.59100","0.13439","1,943.63451"
"201.69100","0.13446","1,943.28368"
"201.79100","0.13454","1,944.11618"
"201.89100","0.13460","1,943.33440"
"201.99100","0.13466","1,942.24109"
"202.09100","0.13471","1,941.48872"
"202.19100","0.13479","1,940.98707"
"202.29100","0.13487","1,941.90892"
"202.39100","0.13494","1,941.94976"
"202.49100","0.13500","1,940.66830"
"202.59100","0.13506","1,939.84349"
"202.69100","0.13512","1,939.39146"
"202.79100","0.13520","1,939.15875"
"202.89100","0.13526","1,938.69947"
"202.99100","0.13532","1,938.04326"
"203.09100","0.13539","1,937.45797"
"203.19100","0.13546","1,937.80945"
"203.29100","0.13554","1,937.94776"
"203.39100","0.13560","1,936.79584"
"203.49100","0.13565","1,935.75258"
"203.59100","0.13573","1,935.21098"
"203.69100","0.13581","1,935.79254"
"203.79100","0.13587","1,935.09594"
"203.89100","0.13593","1,933.90713"
"203.99100","0.13598","1,932.73545"
"204.09100","0.13605","1,932.43468"
"204.19100","0.13614","1,932.80548"
"204.29100","0.13621","1,933.21492"
"204.39100","0.13626","1,931.55147"
"204.49100","0.13633","1,930.72490"
"204.59100","0.13639","1,929.94356"
"204.69100","0.13646","1,929.79866"
"204.79100","0.13653","1,929.00085"
"204.89100","0.13658","1,928.24673"
"204.99100","0.13665","1,927.61270"
"205.09100","0.13673","1,928.00458"
"205.19100","0.13681","1,927.76682"
"205.29100","0.13687","1,926.77801"
"205.39100","0.13692","1,925.54595"
"205.49100","0.13699","1,924.91829"
"205.59100","0.13707","1,924.99776"
"205.69100","0.13714","1,924.70380"
"205.79100","0.13720","1,923.45022"
"205.89100","0.13725","1,922.30532"
"205.99100","0.13731","1,921.22936"
"206.09100","0.13740","1,922.18018"
"206.19100","0.13748","1,922.50313"
"206.29100","0.13753","1,920.70707"
"206.39100","0.13760","1,919.73034"
"206.49100","0.13766","1,918.77929"
"206.59100","0.13773","1,918.35272"
"206.69100","0.13779","1,917.77467"
"206.79100","0.13786","1,917.17665"
"206.89100","0.13792","1,916.05085"
"206.99100","0.13800","1,916.35623"
"207.09100","0.13807","1,916.37774"
"207.19100","0.13813","1,915.31912"
"207.29100","0.13818","1,913.47037"
"207.39100","0.13826","1,912.97970"
"207.49100","0.13834","1,913.14985"
"207.59100","0.13841","1,913.11274"
"207.69100","0.13846","1,911.46510"
"207.79100","0.13852","1,910.14939"
"207.89100","0.13858","1,909.01986"
"207.99100","0.13866","1,909.41350"
"208.09100","0.13875","1,910.07804"
"208.19100","0.13880","1,908.50987"
"208.29100","0.13886","1,907.05256"
"208.39100","0.13893","1,906.20404"
"208.49100","0.13899","1,905.55332"
"208.59100","0.13906","1,904.94125"
"208.69100","0.13912","1,904.29865"
"208.79100","0.13919","1,903.46001"
"208.89100","0.13926","1,902.93443"
"208.99100","0.13934","1,902.82642"
"209.09100","0.13940","1,902.05891"
"209.19100","0.13946","1,900.77613"
"209.29100","0.13952","1,899.67317"
"209.39100","0.13960","1,899.39281"
"209.49100","0.13967","1,899.41586"
"209.59100","0.13973","1,898.27140"
"209.69100","0.13979","1,896.87776"
"209.79100","0.13985","1,895.69927"
"209.89100","0.13992","1,895.27798"
"209.99100","0.14002","1,896.29445"
"210.09100","0.14007","1,895.10673"
"210.19100","0.14013","1,893.43647"
"210.29100","0.14019","1,892.37039"
"210.39100","0.14026","1,891.69772"
"210.49100","0.14033","1,891.27927"
"210.59100","0.14040","1,890.80617"
"210.69100","0.14046","1,889.75128"
"210.79100","0.14053","1,888.85204"
"210.89100","0.14059","1,888.28870"
"210.99100","0.14067","1,888.03557"
"211.09100","0.14073","1,886.91219"
"211.19100","0.14079","1,885.51964"
"211.29100","0.14086","1,885.23358"
"211.39100","0.14094","1,885.27903"
"211.49100","0.14100","1,884.27441"
"211.59100","0.14106","1,882.75783"
"211.69100","0.14112","1,881.34619"
"211.79100","0.14119","1,880.85683"
"211.89100","0.14128","1,881.35212"
"211.99100","0.14134","1,880.67110"
"212.09100","0.14140","1,878.97889"
"212.19100","0.14146","1,878.08229"
"212.29100","0.14152","1,877.08492"
"212.39100","0.14160","1,876.49875"
"212.49100","0.14166","1,875.92026"
"212.59100","0.14172","1,874.71564"
"212.69100","0.14179","1,873.90861"
"212.79100","0.14186","1,873.90971"
"212.89100","0.14193","1,873.14505"
"212.99100","0.14200","1,872.08314"
"213.09100","0.14206","1,870.75514"
"213.19100","0.14212","1,869.96458"
"213.29100","0.14220","1,869.77665"
"213.39100","0.14227","1,869.44910"
"213.49100","0.14233","1,867.72681"
"213.59100","0.14238","1,866.28070"
"213.69100","0.14245","1,865.47916"
"213.79100","0.14254","1,866.17005"
"213.89100","0.14260","1,865.63481"
"213.99100","0.14266","1,864.08903"
"214.09100","0.14273","1,862.92635"
"214.19100","0.14279","1,861.90636"
"214.29100","0.14286","1,861.45653"
"214.39100","0.14293","1,860.70526"
"214.49100","0.14299","1,859.64883"
"214.59100","0.14305","1,858.52457"
"214.69100","0.14313","1,858.45256"
"214.79100","0.14320","1,858.02600"
"214.89100","0.14326","1,856.91798"
"214.99100","0.14332","1,855.27494"
"215.09100","0.14339","1,854.83542"
"215.19100","0.14347","1,854.52016"
"215.29100","0.14354","1,854.08569"
"215.39100","0.14360","1,852.31115"
"215.49100","0.14365","1,851.00335"
"215.59100","0.14372","1,850.06109"
"215.69100","0.14380","1,850.34649"
"215.79100","0.14387","1,850.21740"
"215.89100","0.14393","1,848.74494"
"215.99100","0.14400","1,847.43517"
"216.09100","0.14406","1,846.47885"
"216.19100","0.14413","1,845.76359"
"216.29100","0.14420","1,845.05667"
"216.39100","0.14426","1,844.12143"
"216.49100","0.14432","1,842.94206"
"216.59100","0.14439","1,842.54470"
"216.69100","0.14447","1,842.43734"
"216.79100","0.14453","1,841.51637"
"216.89100","0.14459","1,840.00736"
"216.99100","0.14466","1,839.04556"
"217.09100","0.14474","1,838.88200"
"217.19100","0.14481","1,838.46696"
"217.29100","0.14486","1,837.02535"
"217.39100","0.14492","1,835.46179"
"217.49100","0.14498","1,834.37353"
"217.59100","0.14506","1,834.66661"
"217.69100","0.14514","1,834.49329"
"217.79100","0.14520","1,833.21985"
"217.89100","0.14526","1,831.80787"
"217.99100","0.14533","1,830.72302"
"218.09100","0.14539","1,829.85122"
"218.19100","0.14546","1,829.56977"
"218.29100","0.14553","1,828.61730"
"218.39100","0.14559","1,827.19644"
"218.49100","0.14566","1,826.73936"
"218.59100","0.14574","1,826.59874"
"218.69100","0.14580","1,825.72782"
"218.79100","0.14586","1,824.31563"
"218.89100","0.14592","1,823.19357"
"218.99100","0.14600","1,822.51145"
"219.09100","0.14607","1,822.34362"
"219.19100","0.14613","1,821.19389"
"219.29100","0.14619","1,819.71265"
"219.39100","0.14625","1,818.58685"
"219.49100","0.14632","1,818.24810"
"219.59100","0.14641","1,818.56116"
"219.69100","0.14647","1,817.37126"
"219.79100","0.14653","1,815.82262"
"219.89100","0.14659","1,814.46038"
"219.99100","0.14666","1,813.92931"
"220.09100","0.14673","1,813.53809"
"220.19100","0.14680","1,812.58276"
"220.29100","0.14685","1,811.05344"
"220.39100","0.14693","1,810.67913"
"220.49100","0.14700","1,810.55388"
"220.59100","0.14707","1,809.73884"
"220.69100","0.14713","1,808.38098"
"220.79100","0.14720","1,807.21347"
"220.89100","0.14726","1,806.39261"
"220.99100","0.14733","1,805.92883"
"221.09100","0.14740","1,804.95792"
"221.19100","0.14746","1,803.83288"
"221.29100","0.14751","1,802.35922"
"221.39100","0.14759","1,801.78238"
"221.49100","0.14767","1,802.25538"
"221.59100","0.14774","1,801.35691"
"221.69100","0.14780","1,799.79159"
"221.79100","0.14785","1,798.39126"
"221.89100","0.14792","1,797.75712"
"221.99100","0.14800","1,797.32934"
"222.09100","0.14806","1,796.44866"
"222.19100","0.14812","1,795.17840"
"222.29100","0.14819","1,794.10463"
"222.39100","0.14827","1,794.10803"
"222.49100","0.14834","1,793.53295"
"222.59100","0.14840","1,792.04008"
"222.69100","0.14846","1,790.66345"
"222.79100","0.14853","1,790.04654"
"222.89100","0.14860","1,789.84303"
"222.99100","0.14867","1,788.97343"
"223.09100","0.14873","1,787.59725"
"223.19100","0.14879","1,786.07232"
"223.29100","0.14885","1,785.27023"
"223.39100","0.14894","1,785.55465"
"223.49100","0.14900","1,785.08285"
"223.59100","0.14906","1,783.51731"
"223.69100","0.14912","1,781.88602"
"223.79100","0.14919","1,781.24782"
"223.89100","0.14926","1,780.76670"
"223.99100","0.14933","1,779.98206"
"224.09100","0.14939","1,778.89863"
"224.19100","0.14946","1,777.79270"
"224.29100","0.14953","1,777.29500"
"224.39100","0.14960","1,776.93068"
"224.49100","0.14967","1,775.76327"
"224.59100","0.14973","1,774.35394"
"224.69100","0.14979","1,773.43604"
"224.79100","0.14986","1,772.92265"
"224.89100","0.14994","1,772.45272"
"224.99100","0.15000","1,771.14207"
"225.09100","0.15005","1,769.36763"
"225.19100","0.15012","1,768.62460"
"225.29100","0.15020","1,768.95962"
"225.39100","0.15027","1,768.52328"
"225.49100","0.15033","1,766.96290"
"225.59100","0.15039","1,765.45401"
"225.69100","0.15046","1,764.58210"
"225.79100","0.15053","1,764.20131"
"225.89100","0.15060","1,763.47233"
"225.99100","0.15066","1,762.20514"
"226.09100","0.15072","1,760.81666"
"226.19100","0.15080","1,760.81370"
"226.29100","0.15087","1,760.21161"
"226.39100","0.15093","1,759.02203"
"226.49100","0.15099","1,757.63575"
"226.59100","0.15106","1,756.56209"
"226.69100","0.15113","1,756.01126"
"226.79100","0.15120","1,755.66241"
"226.89100","0.15126","1,754.32849"
"226.99100","0.15132","1,752.86207"
"227.09100","0.15138","1,751.60125"
"227.19100","0.15146","1,751.74231"
"227.29100","0.15154","1,751.61860"
"227.39100","0.15160","1,750.31387"
"227.49100","0.15166","1,748.35327"
"227.59100","0.15172","1,747.54591"
"227.69100","0.15180","1,747.11759"
"227.79100","0.15187","1,746.53932"
"227.89100","0.15193","1,745.34799"
"227.99100","0.15199","1,743.66708"
"228.09100","0.15206","1,743.53733"
"228.19100","0.15214","1,743.20725"
"228.29100","0.15220","1,742.07498"
"228.39100","0.15226","1,740.68847"
"228.49100","0.15233","1,739.53589"
"228.59100","0.15240","1,738.87924"
"228.69100","0.15247","1,738.38319"
"228.79100","0.15253","1,737.23094"
"228.89100","0.15259","1,735.84289"
"228.99100","0.15265","1,734.44541"
"229.09100","0.15273","1,734.38833"
"229.19100","0.15281","1,734.46846"
"229.29100","0.15287","1,733.41050"
"229.39100","0.15293","1,731.77833"
"229.49100","0.15299","1,730.42015"
"229.59100","0.15306","1,729.75461"
"229.69100","0.15313","1,729.28117"
"229.79100","0.15320","1,728.17491"
"229.89100","0.15325","1,726.68424"
"229.99100","0.15333","1,726.02210"
"230.09100","0.15340","1,725.93209"
"230.19100","0.15347","1,725.04724"
"230.29100","0.15353","1,723.57807"
"230.39100","0.15359","1,722.40189"
"230.49100","0.15366","1,721.45271"
"230.59100","0.15374","1,721.15940"
"230.69100","0.15380","1,720.29540"
"230.79100","0.15386","1,718.70187"
"230.89100","0.15392","1,717.34775"
"230.99100","0.15399","1,716.81855"
"231.09100","0.15407","1,716.67332"
"231.19100","0.15414","1,715.91020"
"231.29100","0.15420","1,714.56772"
"231.39100","0.15425","1,713.08505"
"231.49100","0.15433","1,712.39548"
"231.59100","0.15440","1,711.84641"
"231.69100","0.15446","1,710.96935"
"231.79100","0.15452","1,709.54321"
"231.89100","0.15459","1,708.53783"
"231.99100","0.15467","1,708.49733"
"232.09100","0.15474","1,707.76725"
"232.19100","0.15480","1,706.32421"
"232.29100","0.15486","1,705.05362"
"232.39100","0.15493","1,704.03518"
"232.49100","0.15500","1,703.33089"
"232.59100","0.15507","1,702.90861"
"232.69100","0.15513","1,701.48072"
"232.79100","0.15519","1,699.97939"
"232.89100","0.15525","1,699.20760"
"232.99100","0.15533","1,699.18521"
"233.09100","0.15540","1,698.77686"
"233.19100","0.15547","1,697.28366"
"233.29100","0.15553","1,695.85040"
"233.39100","0.15559","1,694.60582"
"233.49100","0.15566","1,694.07970"
"233.59100","0.15573","1,693.41921"
"233.69100","0.15579","1,692.05554"
"233.79100","0.15585","1,690.79955"
"233.89100","0.15594","1,690.76838"
"233.99100","0.15601","1,690.22469"
"234.09100","0.15607","1,688.75585"
"234.19100","0.15613","1,687.35530"
"234.29100","0.15619","1,686.29788"
"234.39100","0.15627","1,685.80787"
"234.49100","0.15634","1,685.00260"
"234.59100","0.15640","1,683.64562"
"234.69100","0.15645","1,682.16417"
"234.79100","0.15652","1,681.25373"
"234.89100","0.15659","1,680.86943"
"234.99100","0.15667","1,680.66668"
"235.09100","0.15673","1,679.34582"
"235.19100","0.15679","1,677.61694"
"235.29100","0.15686","1,676.61332"
"235.39100","0.15693","1,676.16348"
"235.49100","0.15700","1,675.39246"
"235.59100","0.15706","1,674.10826"
"235.69100","0.15712","1,672.75688"
"235.79100","0.15720","1,672.39266"
"235.89100","0.15727","1,672.00912"
"235.99100","0.15733","1,670.65347"
"236.09100","0.15739","1,669.19868"
"236.19100","0.15746","1,667.98232"
"236.29100","0.15753","1,667.32853"
"236.39100","0.15761","1,666.99000"
"236.49100","0.15767","1,665.67013"
"236.59100","0.15772","1,664.04970"
"236.69100","0.15778","1,662.87253"
"236.79100","0.15786","1,662.45222"
"236.89100","0.15794","1,662.26473"
"236.99100","0.15800","1,661.22598"
"237.09100","0.15806","1,659.66132"
"237.19100","0.15813","1,658.46395"
"237.29100","0.15819","1,657.45813"
"237.39100","0.15826","1,656.72267"
"237.49100","0.15833","1,655.86888"
"237.59100","0.15839","1,654.03275"
"237.69100","0.15846","1,653.80136"
"237.79100","0.15854","1,653.26908"
"237.89100","0.15860","1,652.07698"
"237.99100","0.15866","1,650.52966"
"238.09100","0.15872","1,649.25611"
"238.19100","0.15880","1,648.60715"
"238.29100","0.15887","1,648.57817"
"238.39100","0.15893","1,647.27883"
"238.49100","0.15899","1,645.54534"
"238.59100","0.15905","1,644.13249"
"238.69100","0.15912","1,643.57650"
"238.79100","0.15920","1,643.45159"
"238.89100","0.15927","1,642.59911"
"238.99100","0.15933","1,640.96650"
"239.09100","0.15939","1,639.80492"
"239.19100","0.15946","1,638.72676"
"239.29100","0.15953","1,638.16627"
"239.39100","0.15960","1,637.18668"
"239.49100","0.15966","1,635.69107"
"239.59100","0.15972","1,634.88777"
"239.69100","0.15980","1,634.52926"
"239.79100","0.15987","1,633.73716"
"239.89100","0.15993","1,632.30280"
"239.99100","0.15999","1,630.82013"
"240.09100","0.16006","1,629.97930"
"240.19100","0.16014","1,629.79049"
"240.29100","0.16020","1,628.61233"
"240.39100","0.16026","1,626.87917"
"240.49100","0.16032","1,625.48454"
"240.59100","0.16039","1,624.64360"
"240.69100","0.16047","1,624.77433"
"240.79100","0.16054","1,624.12954"
"240.89100","0.16060","1,622.32734"
"240.99100","0.16066","1,621.05368"
"241.09100","0.16073","1,620.01635"
"241.19100","0.16080","1,619.23029"
"241.29100","0.16086","1,618.07628"
"241.39100","0.16092","1,616.60657"
"241.49100","0.16099","1,615.44498"
"241.59100","0.16106","1,615.24805"
"241.69100","0.16114","1,614.68559"
"241.79100","0.16120","1,613.08822"
"241.89100","0.16126","1,611.63059"
"241.99100","0.16132","1,610.49392"
"242.09100","0.16140","1,610.03980"
"242.19100","0.16147","1,609.28842"
"242.29100","0.16153","1,607.49500"
"242.39100","0.16159","1,605.94922"
"242.49100","0.16165","1,604.94581"
"242.59100","0.16173","1,604.65767"
"242.69100","0.16181","1,604.44427"
"242.79100","0.16187","1,602.79619"
"242.89100","0.16193","1,601.21001"
"242.99100","0.16199","1,600.01023"
"243.09100","0.16206","1,599.17125"
"243.19100","0.16213","1,598.16005"
"243.29100","0.16219","1,596.90428"
"243.39100","0.16225","1,595.67321"
"243.49100","0.16233","1,594.91953"
"243.59100","0.16240","1,594.27771"
"243.69100","0.16247","1,593.09537"
"243.79100","0.16252","1,591.44048"
"243.89100","0.16259","1,590.09602"
"243.99100","0.16267","1,589.70732"
"244.09100","0.16274","1,588.82960"
"244.19100","0.16280","1,587.18887"
"244.29100","0.16285","1,585.51675"
"244.39100","0.16292","1,584.31378"
"244.49100","0.16300","1,583.85768"
"244.59100","0.16307","1,583.69006"
"244.69100","0.16314","1,581.94856"
"244.79100","0.16320","1,580.30640"
"244.89100","0.16326","1,579.04306"
"244.99100","0.16333","1,578.04833"
"245.09100","0.16339","1,576.96654"
"245.19100","0.16345","1,575.77806"
"245.29100","0.16352","1,574.51395"
"245.39100","0.16360","1,574.00912"
"245.49100","0.16367","1,573.31943"
"245.59100","0.16373","1,571.99166"
"245.69100","0.16379","1,570.33929"
"245.79100","0.16386","1,568.86705"
"245.89100","0.16393","1,568.20262"
"245.99100","0.16401","1,567.54213"
"246.09100","0.16406","1,565.99975"
"246.19100","0.16412","1,564.25606"
"246.29100","0.16418","1,562.62619"
"246.39100","0.16426","1,562.40215"
"246.49100","0.16434","1,562.35089"
"246.59100","0.16440","1,560.58721"
"246.69100","0.16446","1,558.76756"
"246.79100","0.16453","1,557.30806"
"246.89100","0.16459","1,556.31134"
"246.99100","0.16466","1,555.44142"
"247.09100","0.16473","1,554.27094"
"247.19100","0.16479","1,552.61319"
"247.29100","0.16486","1,551.84656"
"247.39100","0.16493","1,551.28706"
"247.49100","0.16500","1,550.09068"
"247.59100","0.16505","1,548.19572"
"247.69100","0.16512","1,546.63743"
"247.79100","0.16520","1,546.10296"
"247.89100","0.16527","1,545.50043"
"247.99100","0.16533","1,543.92655"
"248.09100","0.16539","1,542.05409"
"248.19100","0.16545","1,540.38811"
"248.29100","0.16553","1,539.74519"
"248.39100","0.16561","1,539.72049"
"248.49100","0.16567","1,538.30171"
"248.59100","0.16573","1,536.21257"
"248.69100","0.16579","1,534.75987"
"248.79100","0.16586","1,533.47622"
"248.89100","0.16593","1,532.46096"
"248.99100","0.16599","1,531.22572"
"249.09100","0.16606","1,529.87599"
"249.19100","0.16612","1,528.61517"
"249.29100","0.16620","1,527.94469"
"249.39100","0.16627","1,526.85940"
"249.49100","0.16633","1,525.06290"
"249.59100","0.16639","1,523.28386"
"249.69100","0.16646","1,522.10372"
"249.79100","0.16654","1,521.45751"
"249.89100","0.16660","1,520.09702"
"249.99100","0.16666","1,518.07374"
"250.09100","0.16672","1,516.19371"
"250.19100","0.16679","1,515.06374"
"250.29100","0.16687","1,514.79151"
"250.39100","0.16694","1,513.75133"
"250.49100","0.16700","1,511.45779"
"250.59100","0.16706","1,509.63605"
"250.69100","0.16713","1,508.10169"
"250.79100","0.16720","1,506.95250"
"250.89100","0.16726","1,505.76260"
"250.99100","0.16733","1,504.16972"
"251.09100","0.16739","1,502.46500"
"251.19100","0.16746","1,501.24666"
"251.29100","0.16753","1,500.10384"
"251.39100","0.16760","1,498.66245"
"251.49100","0.16765","1,496.33434"
"251.59100","0.16773","1,494.94345"
"251.69100","0.16780","1,494.04707"
"251.79100","0.16787","1,492.64761"
"251.89100","0.16793","1,490.15429"
"251.99100","0.16799","1,487.95297"
"252.09100","0.16805","1,486.24692"
"252.19100","0.16813","1,485.62815"
"252.29100","0.16821","1,484.55756"
"252.39100","0.16826","1,482.13088"
"252.49100","0.16833","1,480.03218"
"252.59100","0.16839","1,478.20298"
"252.69100","0.16846","1,476.78892"
"252.79100","0.16853","1,475.19089"
"252.89100","0.16859","1,473.14697"
"252.99100","0.16865","1,470.71579"
"253.09100","0.16873","1,469.30820"
"253.19100","0.16880","1,467.50984"
"253.29100","0.16887","1,464.60061"
"253.39100","0.16893","1,461.55570"
"253.49100","0.16899","1,458.65832"
"253.59100","0.16906","1,456.14821"
"253.69100","0.16914","1,453.26060"
"253.79100","0.16920","1,448.38583"
"253.88500","0.16925","1,442.73695"
"253.96800","0.16930","1,437.06283"
"254.05400","0.16937","1,431.41012"
"254.11500","0.16942","1,425.74083"
"254.15300","0.16945","1,420.01413"
"254.18100","0.16947","1,414.31531"
"254.20400","0.16948","1,408.63405"
"254.22400","0.16950","1,402.82645"
"254.24000","0.16951","1,396.86781"
"254.25300","0.16952","1,390.94802"
"254.26400","0.16953","1,385.32144"
"254.27400","0.16953","1,379.46576"
"254.28200","0.16954","1,373.38593"
"254.28700","0.16955","1,367.53958"
"254.28900","0.16956","1,358.58311"
"254.29000","0.16957","1,348.73938"
"254.29100","0.16959","1,334.53668"
"254.29200","0.16960","1,316.21530"
"254.29300","0.16962","1,294.30631"
"254.29400","0.16964","1,269.31026"
"254.29500","0.16966","1,241.61529"
"254.29600","0.16968","1,211.56082"
"254.29700","0.16970","1,179.46682"
"254.29800","0.16972","1,145.63517"
"254.29900","0.16974","1,110.36761"
"254.30000","0.16976","1,073.94977"
"254.30100","0.16978","1,036.61294"
"254.30200","0.16980","998.54888"
"254.30300","0.16981","959.94980"
"254.30400","0.16983","921.01340"
"254.30500","0.16985","881.92338"
"254.30600","0.16986","842.84241"
"254.30700","0.16988","803.91737"
"254.30800","0.16990","765.28053"
"254.30900","0.16991","727.04918"
"254.31000","0.16992","689.33222"
"254.31100","0.16993","652.23216"
"254.31200","0.16994","615.83715"
"254.31300","0.16995","580.22261"
"254.31400","0.16996","545.45621"
"254.31500","0.16997","511.59508"
"254.31600","0.16998","478.69048"
"254.31700","0.16998","446.78891"
"254.31800","0.16999","415.92576"
"254.31900","0.16999","386.12837"
"254.32000","0.17000","357.41861"
"254.32100","0.17000","329.81055"
"254.32200","0.17000","303.31474"
"254.32300","0.17000","277.93968"
"254.32400","0.17000","253.68677"
"254.32500","0.17000","230.55022"
"254.32600","0.17000","208.52156"
"254.32700","0.17000","187.59001"
"254.32800","0.17000","167.74235"
"254.32900","0.17000","148.96345"
"254.33000","0.17000","131.23377"
"254.33100","0.17000","114.52927"
"254.33200","0.17000","98.82464"
"254.33300","0.17000","84.09458"
"254.33400","0.16999","70.31297"
"254.33500","0.16999","57.45249"
"254.33600","0.16999","45.48367"
"254.33700","0.16999","34.37441"
"254.33800","0.16999","24.09198"
"254.33900","0.16999","14.60526"
"254.34000","0.16999","5.88424"
"254.34100","0.16999","-2.10249"
